xx,Vehicle Type,Fuel Type,Engine Size,Age of Vehicle,Mileage,Speed,Acceleration,Road Type,TrafficCondition,Temperature,Humidity,Wind Speed,Air Pressure,CO2Emissions,NOx Emissions,PM2.5 Emissions,VOC Emissions,SO2 Emissions,Emission Level,TrafficVolume
2,Bus,Diesel,1.83561587,26,146000,10.165694,3.45681447,Rural,Free flow,27.4764202,16.5367017,15.4598749,1030.79583,342.397217,0.28803586,0.10268591,0.05602138,0.07735752,High,17.726347
2,Motorcycle,Diesel,1.74346426,26,277599,71.3927927,3.05821167,Highway,Moderate,36.6642071,74.8950648,17.7683908,986.029866,334.547968,1.72273953,0.19616183,0.02445164,0.01091984,High,16.9063148
1,Motorcycle,Electric,3.98094788,20,85261,11.1163642,1.56646174,Highway,Free flow,3.76661503,30.4556416,11.1475119,952.84409,257.545206,1.25652529,0.04602608,0.08276526,0.03667582,Medium,13.8194208
2,Truck,Electric,5.68712704,23,212056,15.3897847,1.66241269,Highway,Free flow,25.1882458,67.0025831,11.4083778,1045.27754,205.576207,1.13115121,0.02496904,0.04235764,0.04292819,Medium,10.2003251
2,Bus,Petrol,2.76068044,12,141628,99.0262028,2.52897812,Highway,Heavy,17.7474189,3.24333203,15.5396328,1010.84535,218.397034,0.45052721,0.16846527,0.03076013,0.0936321,Medium,9.71475304
2,Bus,Petrol,5.03479639,3,279649,34.0161986,0.49098583,Rural,Free flow,1.09109257,23.6612661,10.7036417,1012.25115,107.027079,1.20314381,0.12255385,0.01924462,0.02864567,Low,4.99947336
1,Bus,Diesel,2.54411543,5,104545,95.6377682,0.33219047,Highway,Free flow,-4.4357068,42.185861,5.63659538,1004.51345,460.065441,0.58269439,0.03581587,0.01253077,0.07700834,High,25.2215622
1,Bus,Diesel,1.69640908,10,188875,18.9911472,2.79574414,Highway,Heavy,17.9819251,30.0966816,2.82616228,1040.16594,187.338505,1.87066211,0.10102641,0.04885273,0.05136685,Medium,10.8570431
2,Truck,Electric,5.87561437,3,204636,98.2379383,2.89972587,City,Moderate,27.7512795,91.9418007,16.9581669,982.100366,122.575067,1.97591176,0.06642844,0.0226264,0.03317036,Low,7.45470561
2,Bus,Diesel,2.78332581,21,208721,98.3888158,3.69809083,Rural,Moderate,26.6036796,74.9767995,9.55577726,973.403671,496.725371,0.65182881,0.16805503,0.08447087,0.01126606,High,25.1883066
1,Truck,Diesel,3.26706155,26,249369,7.20271214,4.87905252,Rural,Free flow,3.30907356,34.9008256,2.07527542,1011.58616,146.149802,1.11658818,0.11743093,0.01330913,0.05775819,Low,8.29151455
2,Bus,Petrol,2.95028596,4,199613,12.1934582,0.83613429,City,Moderate,6.14960995,89.3016335,15.9840474,990.852849,55.5137336,0.40091454,0.12633188,0.06273232,0.03640573,Low,2.20192468
2,Motorcycle,Petrol,1.30630785,4,283635,57.9091421,2.204385,Highway,Heavy,39.4198125,26.9311954,10.6073095,958.535816,326.098439,1.3025655,0.07414929,0.01347255,0.01295983,High,15.2413383
1,Motorcycle,Hybrid,2.13219588,11,244372,59.8173413,0.89230145,Rural,Free flow,7.3063848,75.1029947,6.23314155,1031.48622,162.185572,1.30028165,0.08704317,0.01984717,0.06669157,Medium,8.00354618
2,Truck,Electric,4.97372962,16,40794,28.2619942,4.83303386,City,Moderate,4.06957388,85.9014481,9.30097991,1046.81812,226.197348,0.83369568,0.084428,0.05554544,0.07760845,Medium,10.7409067
1,Car,Hybrid,2.47615998,15,248768,11.0753362,0.84011921,Highway,Heavy,14.8536963,37.8585163,4.32181276,1028.00464,357.136925,1.33500016,0.09478274,0.0761309,0.07323691,High,18.1003227
1,Motorcycle,Petrol,3.34305168,28,4902,92.5744624,3.98142152,Rural,Heavy,-3.5641347,63.0023373,2.93264672,1037.60187,439.758245,0.99716726,0.01233636,0.01806901,0.07130372,High,23.2214722
1,Car,Electric,2.97559336,3,186621,74.2256543,3.92059246,Rural,Heavy,5.88214894,35.3690649,16.6436603,961.806003,137.245774,1.55172757,0.12521319,0.02469582,0.02397745,Low,6.98107196
2,Motorcycle,Electric,4.59351139,22,282873,42.7112052,3.80770461,Highway,Free flow,-8.5029743,16.9114964,5.64554798,1029.57782,146.044486,0.66893952,0.12997372,0.09569763,0.08092534,Low,6.61768449
2,Motorcycle,Diesel,1.72082773,7,144210,100.074975,2.19770825,Rural,Free flow,38.8699108,86.4886558,9.81973476,982.245752,299.496726,1.49622958,0.11689213,0.06899475,0.01978784,Medium,14.8249721
1,Car,Electric,2.79787491,20,258121,86.714505,1.97141357,City,Moderate,15.2535563,40.0405307,2.10897736,1045.81258,478.014014,0.39262579,0.19770262,0.08255797,0.05717021,High,24.9114041
2,Bus,Diesel,3.36488696,5,259463,36.0110531,1.46396878,Rural,Free flow,23.7858372,79.5144959,12.8478013,1048.7959,405.79695,0.67761858,0.03969869,0.08321259,0.07250576,High,20.6893014
2,Truck,Diesel,4.23992649,11,135574,90.2889171,1.51738821,City,Moderate,35.0745935,58.0179298,13.8019322,997.379624,371.087521,1.7506194,0.14355475,0.01719897,0.04695034,High,18.6767702
2,Bus,Diesel,4.15944411,6,201707,76.0919623,4.67515829,City,Heavy,21.8619767,57.4173706,16.7833481,972.548692,280.100666,0.2266427,0.03250897,0.09675514,0.01222785,Medium,15.3258219
2,Motorcycle,Diesel,5.72764302,14,265062,78.8575339,3.92393997,Rural,Moderate,-8.231055,44.1079937,17.6397703,1039.47598,355.59539,0.50778764,0.06125577,0.08713419,0.06638088,High,17.894566
2,Truck,Electric,5.38897455,22,60891,30.9245799,3.74168575,Highway,Moderate,19.1726345,69.322365,10.1323025,987.080791,251.836746,0.89745377,0.16206902,0.08904137,0.04301748,Medium,14.250813
2,Bus,Electric,1.98317616,26,297753,112.282774,1.07364841,City,Moderate,-1.6562683,76.5732741,16.1957811,1000.90733,219.267895,1.70899964,0.14821568,0.02922336,0.02058352,Medium,10.0368496
2,Bus,Hybrid,4.27148561,1,220113,11.3730146,2.63061806,City,Free flow,0.28100332,63.9181219,9.10630463,985.838329,289.057886,0.60432808,0.03394879,0.0190873,0.07034115,Medium,14.6586631
1,Bus,Diesel,2.55744389,12,203304,20.6998872,3.75205449,City,Free flow,27.0127557,52.2615323,3.3001491,1030.42287,168.495288,0.25080455,0.19515087,0.01862804,0.06537837,Medium,6.79907213
1,Motorcycle,Petrol,4.14133904,28,257505,108.408223,0.30439787,City,Free flow,-4.8883821,53.9213693,11.2212661,965.367811,465.686332,1.57847761,0.16559704,0.0387694,0.08892562,High,24.3626051
1,Truck,Electric,4.99081208,1,159331,117.106343,0.39365049,Rural,Free flow,2.4772779,13.9521574,3.43492695,986.813581,108.483619,0.92494812,0.13597041,0.04662804,0.09996603,Low,4.96158429
1,Car,Diesel,4.22394954,28,20734,43.294157,0.07646157,Highway,Heavy,15.5302331,37.1082952,19.1946008,1010.77964,253.988096,1.86886494,0.13369608,0.06909157,0.02079067,Medium,11.6384914
2,Truck,Hybrid,3.0857273,20,266981,60.9178596,1.91012319,Highway,Heavy,39.220025,19.2677765,3.86826189,995.153742,381.339746,0.35890289,0.10074143,0.0978803,0.02309255,High,19.1628702
2,Bus,Electric,2.19964017,17,63872,100.619666,1.34914963,City,Free flow,22.0981062,79.9441614,11.3859444,1028.15433,120.537659,1.41254435,0.02608982,0.03259427,0.05316249,Low,6.11850891
1,Motorcycle,Hybrid,4.98337214,15,159947,98.386726,3.53204757,Highway,Free flow,17.544643,14.4722195,11.9529459,985.935481,423.144779,0.36476629,0.17332972,0.03169181,0.05236503,High,20.6521884
2,Bus,Hybrid,5.67441795,7,211282,64.1951899,4.95488687,Highway,Moderate,-5.9471237,5.57155197,14.5025903,989.883086,188.125157,0.90706846,0.09030328,0.01347125,0.01053622,Medium,9.02675803
2,Bus,Hybrid,3.80223769,12,224356,105.643729,3.33503945,Rural,Heavy,13.8495771,98.1655083,13.5056544,1044.55956,355.645059,1.99903233,0.17177519,0.02834243,0.06559663,High,19.6143648
2,Bus,Diesel,4.96189378,9,122184,20.3354112,2.31938658,Rural,Moderate,11.1008103,95.1763173,8.12309691,971.084528,374.958664,0.94383552,0.03302574,0.08836143,0.01803664,High,19.6228389
2,Car,Diesel,1.85556651,19,180664,83.7629653,1.45577772,City,Free flow,26.0661057,28.0307991,13.0447033,1047.2535,276.091628,1.48840763,0.19166913,0.06408404,0.07035738,Medium,14.6710501
1,Car,Electric,0.97479072,18,138896,24.3849112,4.75106804,Rural,Free flow,11.5708363,98.4669694,0.99097184,950.905047,373.771987,0.89427646,0.15357556,0.03684497,0.07123774,High,18.0198344
1,Car,Diesel,5.74213972,10,285135,47.8922327,3.36985906,City,Moderate,24.3004747,32.2695797,14.9783504,981.036266,490.800758,1.6069795,0.12833897,0.09182265,0.07624424,High,25.4827367
2,Truck,Petrol,4.6664302,14,218124,27.9563904,0.02808624,Rural,Free flow,32.3219685,75.8255444,14.0640961,994.282686,158.689261,0.79901575,0.12886601,0.05524456,0.07205143,Medium,7.74048805
2,Bus,Petrol,5.77494626,14,178441,116.851614,2.38412853,Highway,Heavy,26.3851661,59.5776995,13.2077688,953.195275,102.160122,1.01678875,0.06611046,0.04622759,0.02566791,Low,6.5855899
1,Bus,Hybrid,3.67753019,2,173469,46.4835101,0.8529843,City,Moderate,16.3421518,1.77113929,13.304074,1001.41472,474.045026,1.26017777,0.12489826,0.04907535,0.06327637,High,23.6021108
2,Motorcycle,Diesel,5.08478779,13,145939,105.144365,4.51052932,Rural,Moderate,20.2370228,72.6829561,7.10633544,1044.17358,80.7880492,1.68592357,0.09921489,0.0749052,0.0567612,Low,1.71413522
2,Truck,Petrol,1.96620041,26,55871,56.6785981,4.5740433,Rural,Heavy,9.7123457,77.9133691,6.30719241,1043.85963,474.1453,1.92565246,0.0428854,0.05466834,0.02751461,High,23.5756612
1,Bus,Hybrid,0.96884801,14,47259,90.4571171,4.39746763,Highway,Free flow,1.30609856,78.9203021,9.54644541,997.538544,57.1792946,1.03481272,0.04616936,0.07717629,0.08024486,Low,3.00197818
1,Bus,Diesel,5.94779321,14,174060,80.1237314,0.61969942,City,Free flow,30.0886233,24.7938026,18.3765008,1041.4923,189.309281,0.33717621,0.02792607,0.06302371,0.02473234,Medium,10.2774184
2,Bus,Diesel,3.9956133,23,208758,57.8465882,4.26808748,Highway,Heavy,9.53589083,13.4355693,7.0005813,973.854245,237.260322,1.58968869,0.03062601,0.08926668,0.0800287,Medium,11.9982034
2,Bus,Petrol,3.1090275,7,101511,23.2318173,2.44510673,City,Free flow,23.5447831,58.702209,10.6699763,1019.11214,50.7706919,1.08045829,0.04307519,0.05650688,0.0408145,Low,2.88722614
1,Motorcycle,Diesel,1.38880236,16,211540,33.1149991,0.21417301,City,Moderate,8.14077973,50.8643838,9.68827858,979.207904,359.519725,0.79526938,0.18370347,0.0341184,0.0222448,High,17.0871971
2,Truck,Hybrid,4.38802543,23,143849,12.9683154,1.54245859,City,Moderate,1.11231611,13.0303067,10.5085498,959.567016,369.863945,1.67671667,0.1411026,0.08899215,0.0471717,High,17.1347891
2,Motorcycle,Diesel,2.24866976,0,270970,108.002832,3.44062802,City,Heavy,11.414641,3.34513807,16.3892995,951.967836,233.990203,1.19091799,0.15546397,0.08325218,0.04298255,Medium,13.6442438
2,Bus,Diesel,2.10619842,21,247757,51.6770499,4.6445913,Rural,Free flow,22.4245463,33.64961,5.29228733,1009.09921,58.5345438,1.36488055,0.06297771,0.08170705,0.02238559,Low,2.16371972
1,Bus,Petrol,1.91641862,27,147712,51.0084895,3.52035017,City,Moderate,35.4019156,16.7223604,5.04131483,1049.07586,338.472227,0.23433711,0.10760048,0.01105374,0.01116108,High,16.3785042
2,Car,Hybrid,1.23448256,27,185648,94.9424025,4.01997096,City,Free flow,21.817935,18.4291068,4.35406621,1039.47254,52.5739874,1.39510509,0.01594055,0.09211922,0.02322885,Low,4.41003711
1,Truck,Hybrid,3.09857379,23,245979,61.3100716,4.2473503,City,Moderate,29.6996475,76.4679856,18.5441638,978.382659,442.982264,1.85306843,0.19388573,0.0819168,0.07617556,High,22.2192891
2,Truck,Diesel,3.54404577,0,288365,84.0746076,4.47201861,City,Moderate,35.1715326,44.986701,12.9068849,976.515537,411.136399,0.6392221,0.07067053,0.01229966,0.09892369,High,22.6060457
1,Truck,Electric,4.92989545,2,267535,104.56271,1.63554608,City,Heavy,31.7270758,14.352373,15.9064484,1022.81261,105.51156,0.39019334,0.18696096,0.01855897,0.04165903,Low,4.73849215
1,Bus,Diesel,3.6957679,19,269189,7.35645861,3.31412034,Rural,Free flow,0.93412144,44.8200165,4.87684051,1015.43769,148.891973,1.43174544,0.15489547,0.07963945,0.03420759,Low,8.05788931
1,Motorcycle,Electric,2.48035513,6,206424,33.0129109,1.66727664,Rural,Free flow,39.4234024,16.0784336,19.6690073,953.681212,239.18104,1.36820095,0.14938875,0.02601116,0.03031293,Medium,12.2785192
1,Truck,Electric,5.31931516,9,286946,20.1687777,4.21371044,Rural,Heavy,32.4970335,96.0645901,18.484319,977.623576,74.992862,1.89571957,0.10607673,0.02988034,0.06558731,Low,4.17582937
1,Motorcycle,Hybrid,5.19226273,28,41253,85.0016495,1.17308596,City,Heavy,6.74761839,24.0541033,2.14638974,1042.28727,289.244204,1.84367725,0.12871434,0.08583599,0.0440494,Medium,13.0438991
1,Truck,Electric,3.41368246,15,273713,47.4855444,2.00793793,Rural,Free flow,24.3554847,67.1825844,12.9316567,980.812805,212.631867,1.47072476,0.10297841,0.04316263,0.09603427,Medium,9.06517928
2,Bus,Diesel,1.88324003,16,272880,0.42797192,4.71575825,Rural,Heavy,31.1988675,94.9088722,18.6999363,1028.8596,421.311504,0.14412912,0.0540261,0.0376496,0.05849358,High,20.467172
2,Truck,Electric,4.99695651,25,220970,97.2890045,4.049135,Rural,Moderate,23.4688733,48.0217872,6.04048736,961.819062,109.845924,1.28847207,0.15530903,0.06142973,0.07992258,Low,4.35902464
1,Truck,Petrol,1.70692819,11,198491,81.0013195,0.23565626,City,Moderate,7.26831574,6.12404461,16.8410122,978.125129,205.979948,0.78693836,0.16577252,0.09490176,0.04758131,Medium,10.0730702
1,Truck,Petrol,5.06435101,6,89851,31.87664,4.945852,Rural,Free flow,30.8996781,71.4717129,5.95306704,993.967118,146.874775,0.58169696,0.07030043,0.021145,0.03015564,Low,7.3892601
1,Bus,Petrol,3.98060951,10,247557,31.3793387,3.35047694,City,Moderate,16.6992044,43.4244922,15.062207,962.103738,113.730911,1.26272095,0.12090915,0.04662819,0.0833653,Low,5.30926482
2,Truck,Petrol,5.87527241,29,78466,65.1605105,4.45427573,City,Heavy,-8.3342514,95.2546761,17.0088444,1009.73383,169.090027,1.15742934,0.15291547,0.01625264,0.03483498,Medium,10.648538
1,Car,Electric,5.89584571,18,285251,59.3404757,1.33928824,City,Heavy,36.8500633,86.7517634,16.2856295,1039.68254,160.808234,1.0454188,0.15762749,0.06129822,0.04073363,Medium,8.58630189
2,Car,Hybrid,3.6921916,3,243693,81.0263577,1.16375186,Rural,Moderate,31.0710839,23.7603638,2.29415614,999.482562,187.980185,0.93935259,0.12811376,0.08534952,0.02309807,Medium,10.0363903
1,Truck,Hybrid,4.85963638,9,295519,102.430831,3.97787453,Rural,Heavy,5.9569371,67.8237052,17.499028,1037.07015,151.946333,0.35876731,0.197547,0.07360779,0.08137454,Medium,7.0997346
1,Car,Electric,3.94214948,1,165556,69.158178,1.65363259,City,Free flow,-0.1875008,97.2968443,16.3977906,1029.03029,385.811429,0.51505923,0.07098084,0.09359614,0.05883032,High,18.6578918
2,Truck,Hybrid,2.12413141,10,90439,16.7465526,4.81861549,Rural,Free flow,23.0761276,87.6397394,1.88935558,957.934394,78.416748,1.186002,0.17310865,0.02265419,0.08825436,Low,3.28420929
1,Motorcycle,Diesel,5.38372626,22,286304,9.33883427,2.64552721,Rural,Free flow,11.9432821,72.6408616,13.0692993,955.21732,321.166669,1.18951747,0.08709768,0.04982346,0.07989143,High,16.7632339
1,Motorcycle,Petrol,4.06174368,0,63196,111.164454,4.73025827,City,Free flow,25.2229724,15.3828109,4.56195552,1040.5295,114.903978,1.47975122,0.04220105,0.04470581,0.03632432,Low,6.03510619
1,Bus,Diesel,1.73599801,19,259708,20.7006669,4.19465514,Rural,Free flow,2.41359079,10.03485,13.4565445,984.771213,113.097014,0.1867712,0.08903067,0.04664768,0.01499581,Low,6.4952147
1,Car,Petrol,2.5406237,28,42412,85.2704598,3.53146606,Highway,Heavy,4.1561291,73.7108372,9.27629991,963.637458,184.31778,0.52356906,0.16063008,0.05515385,0.02403081,Medium,8.89589464
1,Car,Hybrid,4.61021407,8,128789,48.5375634,0.66506492,Highway,Heavy,20.7211561,5.43908589,9.29823725,970.401624,353.625985,1.28262243,0.05599315,0.06498331,0.08457556,High,18.3155761
2,Truck,Hybrid,2.84714581,29,140170,41.4670504,0.88571877,Highway,Free flow,21.1233052,62.5464554,13.1509965,1011.19685,406.06783,0.84277853,0.0203838,0.04215403,0.08605068,High,21.2308548
1,Bus,Diesel,1.07185134,27,253947,71.5770815,0.15844425,City,Free flow,23.4186703,60.4997474,10.0917282,951.84832,321.171663,1.39950071,0.18793513,0.09195187,0.0962702,High,16.3202361
2,Truck,Diesel,4.36910635,29,129959,39.0530898,0.54793479,Rural,Moderate,4.15898609,26.8573555,1.41905778,1012.32839,419.738501,1.82424835,0.03705793,0.06880337,0.01580973,High,21.8439433
2,Bus,Hybrid,2.17888785,1,268857,116.061141,1.73735475,City,Heavy,24.4284291,68.3662323,19.5414795,975.14625,451.125904,1.12379311,0.12598805,0.03968736,0.03652574,High,22.9423687
1,Motorcycle,Diesel,4.8373474,20,273989,90.4723853,1.65613145,Rural,Moderate,5.42735486,80.5448426,14.8038151,999.272501,396.003787,0.76531758,0.03307232,0.03309974,0.01048181,High,18.7612297
1,Bus,Diesel,1.24115611,14,218924,53.7055778,4.61188227,Rural,Moderate,-8.8030267,85.0869609,5.58699965,1026.0937,492.656227,1.07041499,0.04485581,0.02579859,0.09860006,High,27.2863426
2,Bus,Hybrid,0.88794656,26,255972,114.964142,0.25187086,Highway,Free flow,14.9997474,73.6126073,11.7441987,1004.42593,145.672033,1.13316125,0.15182812,0.08495261,0.07510534,Low,7.2032343
1,Truck,Diesel,1.37528503,10,100079,41.2996232,3.30167826,Rural,Free flow,28.6746773,68.5625368,16.8607678,957.892754,471.466141,1.36162309,0.02312661,0.06363682,0.03093222,High,24.5988123
2,Car,Hybrid,0.84731054,18,79369,59.3873529,1.97977776,Highway,Moderate,26.4144343,90.7799139,2.91292584,1032.03137,379.556423,1.06846431,0.0994112,0.08691046,0.01655901,High,18.2527675
1,Bus,Petrol,4.70908436,19,279888,110.369572,3.73705734,City,Moderate,22.1548411,23.9175375,11.5600517,1030.98993,298.299288,0.58215951,0.15603314,0.08041315,0.07779121,Medium,15.8348069
2,Bus,Petrol,1.45861054,14,7461,102.663649,0.00851914,Highway,Heavy,19.3593682,87.3375443,13.877239,1029.92796,135.471877,1.8342555,0.15229854,0.02567768,0.07996064,Low,5.66193237
1,Bus,Hybrid,5.07835326,17,282218,111.144362,2.52868833,City,Moderate,-9.3524641,60.3971777,11.2957817,1047.30992,197.114485,0.88357496,0.15907792,0.08124678,0.04687279,Medium,10.3155148
1,Motorcycle,Diesel,1.71255646,11,198924,23.4549605,1.42446357,Highway,Moderate,26.4895869,2.9541598,12.430323,1047.88885,438.235873,0.12235793,0.16721058,0.0646715,0.05352211,High,22.7061536
2,Car,Electric,2.34589346,25,76939,21.9987651,4.40821878,City,Heavy,0.69357683,36.6219837,2.52559708,1044.71953,245.389826,0.54562844,0.08200683,0.07678273,0.05551554,Medium,12.3250186
2,Motorcycle,Electric,3.71139246,7,207778,87.433373,1.73899307,Rural,Moderate,11.2202879,78.6880156,19.7604039,989.025927,126.304387,0.4438398,0.12362642,0.04847081,0.03527128,Low,7.30593663
1,Car,Hybrid,3.0156336,13,192888,68.4930022,1.63720617,Rural,Free flow,18.8896031,85.9387588,6.51856713,961.836167,313.478561,1.48696032,0.18497555,0.09729371,0.06536677,High,15.6584084
1,Car,Hybrid,5.12418442,6,195383,69.9863121,1.93375515,City,Moderate,32.1280027,44.0447686,8.17031835,1001.08866,281.076991,0.16510253,0.16888805,0.09435918,0.06591559,Medium,13.5843633
1,Motorcycle,Petrol,5.6450501,11,55267,97.0537855,2.44613043,City,Free flow,9.8020684,69.5499567,6.61964456,957.340019,395.918044,1.64483765,0.19156919,0.06275249,0.08249442,High,20.7699338
1,Bus,Hybrid,3.53944926,15,148304,21.3862519,2.86792999,Rural,Heavy,-3.1634467,45.3562509,9.15612233,983.388265,258.440923,1.17581124,0.05245897,0.08502774,0.03972733,Medium,13.5590061
2,Motorcycle,Hybrid,4.26769414,18,62146,112.081787,4.54797109,Rural,Free flow,23.9100262,66.8031247,4.47652921,1000.20847,370.277227,0.6939738,0.18424994,0.07822751,0.07349841,High,20.450283
2,Truck,Petrol,4.58752844,2,224400,37.1615402,0.24355698,Rural,Heavy,20.6144544,43.0155657,4.42874352,1028.6881,408.973713,0.21804013,0.19321824,0.07482441,0.09146059,High,21.9404622
2,Truck,Hybrid,0.82408652,10,246453,44.6980839,1.47441386,Rural,Moderate,-0.4653051,13.7999387,6.21438374,971.384361,148.313539,0.28903975,0.11389394,0.06129766,0.04434724,Low,7.99430709
2,Car,Diesel,0.85877319,26,5589,35.863459,2.93318696,Rural,Free flow,27.8462078,2.24405295,3.44835443,953.472155,485.333812,1.00784483,0.18052203,0.08080453,0.05166719,High,25.5729624
1,Motorcycle,Diesel,3.71429128,23,49354,87.7706337,4.06202503,City,Free flow,27.762366,18.9304595,1.23239619,968.805006,238.602463,1.31791116,0.12937765,0.02544529,0.05365973,Medium,11.6387546
1,Motorcycle,Electric,1.40005214,24,71296,9.80577084,4.76103127,City,Heavy,2.985163,92.5192175,8.72220434,1018.41387,340.048882,1.53916452,0.06256596,0.04622303,0.08539116,High,15.6704858
1,Car,Hybrid,5.58324921,13,293633,71.8610851,4.14510946,City,Heavy,-4.4150167,66.2991197,5.6491113,983.802168,322.1474,0.10822876,0.17774799,0.06442218,0.03109714,High,16.022082
2,Bus,Petrol,5.29622639,16,278085,17.8531575,0.43193371,City,Heavy,14.9065728,28.4299964,15.7893716,1024.28349,302.856859,0.88569602,0.1034289,0.01402005,0.06896822,High,15.6683925
2,Truck,Hybrid,3.4241139,26,201704,42.1470485,1.09971719,City,Heavy,29.6333093,53.3764864,12.3812504,990.807631,387.39029,1.06782099,0.06057629,0.01545846,0.0322433,High,20.7984869
2,Car,Electric,4.48628003,19,110326,23.9580014,4.63225207,Rural,Free flow,15.9960139,98.6813804,16.2759455,987.087398,370.728728,1.58265336,0.01716552,0.04627838,0.05956163,High,17.1859217
1,Bus,Hybrid,5.72688162,19,90690,39.2772523,2.43909676,City,Free flow,35.3232107,33.8149529,7.73535162,1010.31303,184.194547,0.23022839,0.11548787,0.03316062,0.01110476,Medium,10.1993801
2,Truck,Diesel,4.47565819,11,273994,87.2136663,4.65569,Highway,Moderate,-4.861472,9.62957802,6.15213393,1003.69733,447.01894,0.92960294,0.07914449,0.03394059,0.04115049,High,22.1220105
1,Motorcycle,Hybrid,1.90416338,18,225472,117.639496,1.68597721,Highway,Free flow,-7.0288722,31.4057102,0.30759922,1044.62407,344.903671,0.75306402,0.02564467,0.08990047,0.01209983,High,16.1456981
1,Bus,Hybrid,5.96142534,7,66107,108.540497,2.54184334,City,Moderate,25.9455907,0.03232317,0.18320303,965.388057,401.483716,1.78098272,0.0483115,0.02183438,0.04219736,High,17.9018684
1,Car,Diesel,2.9587574,26,86069,8.73018303,4.59265226,Rural,Free flow,15.9951764,84.7953143,5.67708543,1035.17949,144.991529,0.62182551,0.19003504,0.01439192,0.09100579,Low,4.88568595
2,Car,Petrol,1.37513871,26,197682,17.2548571,4.87243672,City,Moderate,-4.4500541,14.41531,18.8489046,968.708182,156.448616,0.95563017,0.04398714,0.08995299,0.01373742,Medium,5.73785501
1,Bus,Diesel,2.00903116,9,175848,114.477086,3.04236059,Rural,Moderate,-4.3716584,52.4336506,3.48886568,1026.88549,120.028694,0.17063768,0.15371231,0.02815629,0.02496693,Low,4.61516339
1,Car,Hybrid,3.24568505,6,126385,24.4792609,3.62586382,Highway,Free flow,13.1500264,37.2610191,15.9444997,1049.56964,479.165691,1.13331248,0.17785276,0.09459855,0.02926773,High,24.9208873
2,Car,Electric,5.71727432,19,68866,91.5035103,0.97510857,Rural,Free flow,39.6621608,83.2945824,2.73402483,1016.69334,306.00866,0.66783867,0.14647459,0.0996663,0.05216493,High,15.5637154
1,Motorcycle,Hybrid,1.94495265,25,214589,62.6917576,1.39301488,City,Free flow,24.8048619,38.6528572,11.518741,989.983133,182.173185,0.48635367,0.06918961,0.03357541,0.0118007,Medium,8.54114408
1,Bus,Electric,3.17156392,26,254286,26.1059316,2.53235605,Rural,Moderate,0.84194577,95.2238529,14.1619932,1016.55098,300.265018,0.67361037,0.09227432,0.08763258,0.05371065,High,13.8769386
1,Truck,Electric,5.91847429,15,29570,24.5116323,2.6634668,City,Heavy,-3.778205,96.3872291,6.94546809,973.784498,271.905451,1.58302662,0.0506924,0.05963074,0.04859867,Medium,14.0220201
2,Car,Petrol,5.41152401,2,219888,106.104871,1.94598982,Rural,Heavy,35.8041373,32.0924693,8.34760279,1038.30188,397.095239,1.76351569,0.04847545,0.09485696,0.02479322,High,19.1758984
1,Bus,Diesel,1.044215,5,39875,40.2354785,3.4108953,Rural,Free flow,13.1923389,46.7596674,11.7681434,956.330053,68.4184342,0.23675329,0.0584495,0.08194829,0.03063942,Low,1.13913183
1,Motorcycle,Petrol,2.93744541,23,93159,48.6466814,4.54903359,Highway,Heavy,-0.1252138,66.2114126,18.6175506,965.731934,281.936736,0.70842126,0.18034438,0.04195918,0.06322329,Medium,13.9765703
2,Bus,Diesel,1.83010769,23,76610,71.0640216,1.6050954,City,Free flow,6.52508874,99.1854379,13.9452457,966.761934,357.083527,1.71544454,0.05351549,0.03895233,0.03473577,High,17.3639241
2,Motorcycle,Electric,5.35831022,24,89841,106.488576,3.7078127,City,Moderate,29.8596774,97.0775097,16.3585347,998.332124,343.415784,0.19498501,0.11544683,0.01635238,0.06551789,High,18.0598597
1,Motorcycle,Hybrid,5.69190447,25,216007,70.7019591,2.86820733,Rural,Heavy,36.486499,42.4425608,12.8780247,1035.32277,285.011929,0.23769874,0.1319369,0.04029629,0.04106533,Medium,14.6094848
1,Truck,Hybrid,3.4473896,4,196868,68.932918,4.44982842,Rural,Heavy,16.6710246,70.3489566,0.67795786,1033.61134,219.831049,1.53520574,0.18342648,0.05994008,0.07210523,Medium,12.2285111
1,Bus,Electric,2.1987657,9,30267,115.517,0.07915308,City,Heavy,33.8965445,18.113536,0.80404889,1010.55649,246.364979,1.85722402,0.07570287,0.05541891,0.09706124,Medium,13.4589955
2,Bus,Hybrid,1.63440559,18,41682,97.6486273,0.08738894,Highway,Moderate,-2.9941165,31.7075191,7.33021193,969.056732,155.873347,1.12397822,0.1628424,0.09106866,0.02742861,Medium,10.144707
1,Motorcycle,Diesel,5.95644658,16,222572,80.9202965,2.99503606,Highway,Moderate,30.6600164,6.77351218,1.96252374,966.473673,201.364865,1.9400509,0.12057923,0.02201038,0.02378652,Medium,9.89530431
1,Truck,Electric,2.91450994,15,136207,31.999654,3.87086073,Rural,Heavy,-6.6371353,12.485996,4.78217899,985.122273,371.403552,1.32495092,0.1087854,0.07224777,0.02829031,High,20.1368227
1,Bus,Electric,1.20029553,16,30568,73.6567681,2.42818497,Highway,Heavy,29.5560885,75.9625139,10.6546714,1023.69024,167.78129,0.33961587,0.19708175,0.03791457,0.06106234,Medium,9.06027119
1,Bus,Hybrid,3.78037609,22,89364,117.541349,1.62920234,City,Heavy,33.0576061,44.6679981,3.00942922,976.507353,351.056299,0.61340213,0.14465737,0.03495725,0.03508085,High,16.1375317
1,Bus,Hybrid,0.861731,13,23161,97.2344833,0.25710376,Rural,Free flow,20.3847636,76.530755,18.3015861,1000.38038,115.165082,1.42052125,0.10395668,0.08604825,0.01330258,Low,4.86298898
1,Car,Electric,3.05602858,6,296145,73.4202066,2.20437158,Rural,Free flow,27.7682219,85.8157595,12.9867086,1035.63508,265.172552,1.69190035,0.08480989,0.03719068,0.07430871,Medium,13.5714242
2,Bus,Hybrid,5.14781206,3,145995,20.5889933,1.25858308,Rural,Free flow,-5.822619,86.4514254,19.3816198,1032.63962,197.46582,0.53940142,0.16760583,0.07966044,0.08135343,Medium,8.26327697
1,Bus,Electric,4.96609182,1,115965,63.7831291,2.09909622,City,Moderate,29.5647455,9.8843748,10.4899232,1006.64147,454.542196,0.50250353,0.16862233,0.03954099,0.04217749,High,23.1251395
1,Car,Diesel,5.84998472,25,61800,40.9667042,4.49222373,City,Free flow,-7.1568051,27.8731316,11.3692674,953.143084,342.829928,1.71312133,0.01930416,0.08743135,0.07275154,High,16.5381488
2,Truck,Diesel,5.04877477,6,8436,52.7717034,0.29874303,Highway,Moderate,5.28741289,72.8293488,17.1787165,954.783133,92.3055628,0.93956521,0.1242061,0.05682751,0.02741607,Low,5.19561233
1,Motorcycle,Electric,3.28256419,19,140642,90.8280163,3.34844597,City,Heavy,32.5451916,20.0477271,5.47308193,978.948144,305.750603,1.35848951,0.10500398,0.07866668,0.06417382,High,15.0128387
1,Bus,Hybrid,3.80143868,29,36397,73.4350972,0.76442665,City,Free flow,6.95364966,44.9565451,4.36241969,1022.87167,60.9043158,0.26895735,0.07699858,0.05333974,0.01996064,Low,3.55430958
1,Bus,Diesel,3.69242925,23,139438,83.4867636,3.20067462,City,Free flow,32.8132886,6.86777376,3.00322462,1045.6552,285.93058,0.80100894,0.05520981,0.01767951,0.05995737,Medium,14.0425209
1,Truck,Electric,1.5028647,14,215649,6.11721162,2.98545268,City,Moderate,21.9277176,84.148954,18.6826479,956.688222,83.4576337,1.81396556,0.15800542,0.0275008,0.0917417,Low,3.99069538
2,Bus,Petrol,4.91938768,22,132955,102.611284,2.06068215,Highway,Moderate,-7.5590735,94.5284168,7.48766171,1030.22063,56.5663172,0.29298295,0.03429251,0.07784745,0.0326113,Low,4.01160856
2,Bus,Hybrid,4.92149303,12,209827,33.9590205,3.54280882,City,Moderate,31.9839017,74.0815042,18.4214566,978.274081,85.0435878,1.61771967,0.0641096,0.03959993,0.01415191,Low,3.292521
2,Truck,Hybrid,2.2176448,2,231059,103.187503,2.82458878,City,Moderate,-7.892239,60.7413976,6.79498632,989.390947,431.947871,1.63550904,0.16876099,0.05924304,0.0932288,High,21.3309235
1,Motorcycle,Electric,4.23895819,1,100190,43.0344501,2.94685238,Highway,Free flow,18.4699189,80.8704036,7.26945378,982.597666,315.245764,1.64630183,0.13530383,0.04183037,0.03697092,High,14.9329668
2,Motorcycle,Electric,1.65313066,8,290250,68.3333324,1.62311446,City,Heavy,14.057586,43.5511176,18.1058875,991.428443,362.530598,1.11526791,0.14011459,0.05909452,0.02197985,High,17.0380814
1,Bus,Diesel,5.27328862,22,188133,74.3558102,2.02017989,Highway,Free flow,23.5383283,70.4694641,1.03122011,1041.31376,491.653903,1.59111264,0.17532385,0.01011455,0.05533698,High,23.9188993
2,Truck,Diesel,2.96203054,20,51965,51.9271531,2.5435807,Highway,Moderate,-9.8804955,20.9239402,7.19363787,962.405339,144.553419,1.0289744,0.01350646,0.06328644,0.03320695,Low,8.24782219
1,Bus,Petrol,2.00750602,11,36417,13.6644003,2.12027226,City,Free flow,28.6763098,19.8528756,12.6037436,1006.69112,162.164233,1.57208962,0.03764442,0.09285565,0.06469962,Medium,8.16913598
1,Truck,Diesel,4.97873838,0,130705,111.199627,4.56863005,City,Free flow,4.15737948,31.7216046,7.07156322,1009.26131,205.274474,0.18753341,0.04759306,0.02540956,0.01780843,Medium,10.5494916
1,Bus,Diesel,4.1837668,7,41221,104.311017,3.23723407,Highway,Moderate,-2.465568,45.7994132,16.8258056,985.47212,159.716791,0.25690722,0.05287839,0.05512518,0.05012755,Medium,7.15196758
1,Bus,Diesel,4.30184865,20,44379,48.2773436,4.96341476,Highway,Heavy,3.55596355,44.3215622,15.8985379,975.338875,315.522671,0.78888606,0.10407349,0.09395846,0.02759073,High,17.0963468
2,Truck,Hybrid,2.53563831,4,100477,94.1004824,1.99330533,Rural,Heavy,37.4059868,87.0413604,9.36131979,988.130649,181.051422,0.30190184,0.06866709,0.06282357,0.05286117,Medium,9.06165848
2,Car,Electric,2.35337298,4,211424,111.658995,0.15909646,City,Heavy,21.5987135,51.6997631,17.0909792,1017.70745,321.153078,1.9755001,0.16540966,0.03075771,0.05027811,High,17.276651
1,Bus,Electric,2.40053833,12,61720,69.4118926,2.87093064,Rural,Moderate,28.1090214,69.8069019,0.65493257,1012.95363,329.882132,1.36222363,0.15655612,0.01829329,0.04224492,High,16.5945159
1,Bus,Petrol,4.33416587,1,199519,102.700755,3.05227274,City,Moderate,-2.9234601,99.5081612,4.22006041,1014.72815,389.372154,0.3950697,0.19047823,0.06164517,0.01415591,High,18.3841244
2,Car,Electric,4.09682966,6,179012,98.8905135,4.27285903,Rural,Free flow,26.2123524,66.8256713,1.777762,989.291998,144.698013,0.27477129,0.16030354,0.05480787,0.03429004,Low,6.76187618
2,Motorcycle,Petrol,5.4544429,0,70031,46.1885962,0.69247792,Highway,Heavy,21.3002935,86.7574619,10.7254588,975.177087,278.186774,1.5721683,0.05262545,0.0753246,0.06175926,Medium,15.3364638
1,Motorcycle,Electric,4.2418882,26,223611,51.3578467,3.1908445,City,Moderate,2.08349373,46.444179,5.03552961,980.121883,499.797477,0.81853127,0.09578579,0.02259469,0.08754553,High,25.1700735
1,Motorcycle,Petrol,4.1081223,8,149671,54.7279451,0.9206824,Rural,Moderate,13.4455243,57.5692196,17.3619772,971.965988,275.043614,0.68312883,0.19271637,0.05583273,0.03206473,Medium,14.4856251
1,Motorcycle,Hybrid,4.71418112,8,117295,33.3579874,1.62674915,City,Moderate,15.6343175,32.3853967,6.29308012,992.157388,219.905479,0.61881883,0.10779875,0.08866797,0.05571176,Medium,12.1612642
2,Car,Hybrid,1.42508709,24,177813,102.907045,0.54258594,Highway,Moderate,-6.8294659,14.6737389,6.1466166,987.807953,411.076756,1.51023367,0.105829,0.01902669,0.03959223,High,19.6440333
1,Car,Electric,3.43762101,9,61711,98.0710573,2.25820514,City,Moderate,35.802467,6.90562608,0.23410888,1029.40634,476.973305,0.36908753,0.02992304,0.0190392,0.01053336,High,25.2655925
1,Motorcycle,Diesel,2.42773184,18,243432,12.0137454,4.07586152,City,Moderate,-9.1186114,80.8761109,5.37929465,1029.27228,238.270284,0.77930484,0.17042549,0.0585589,0.09396093,Medium,13.112964
2,Motorcycle,Diesel,3.19480539,25,165961,116.680641,1.30046857,City,Free flow,36.464974,29.5173973,1.10019403,984.813122,422.517645,0.77360581,0.10036472,0.05695259,0.03295953,High,20.8528279
1,Car,Electric,5.3381973,9,247804,113.853693,4.56513455,Highway,Free flow,-3.2029445,17.2789205,18.6334224,1012.19937,239.171168,1.23543885,0.01674255,0.01802702,0.05699904,Medium,12.6775814
1,Bus,Electric,2.48895436,1,233267,25.5746842,0.09996996,Highway,Free flow,22.0580194,11.4268862,0.06943815,1042.77324,194.923566,1.59531397,0.15304953,0.07829835,0.09032908,Medium,9.57508531
2,Bus,Petrol,3.22680423,2,289918,6.66749673,0.07039546,City,Moderate,9.5393769,84.2491305,2.36718268,1045.98209,459.34451,1.83335391,0.15455259,0.07124833,0.061846,High,23.2799144
2,Car,Electric,2.53803926,11,17401,15.8688149,3.2195153,Rural,Moderate,10.0513833,84.6981581,1.34886106,1046.55446,431.529554,0.4115802,0.15638306,0.07217464,0.04515286,High,22.7439026
2,Car,Electric,5.6139088,2,135422,10.6185436,3.52566108,City,Moderate,13.8075412,86.4827368,9.03464999,1006.96685,229.389505,0.85689227,0.01157841,0.06405239,0.08287745,Medium,11.0080729
2,Motorcycle,Petrol,5.32903944,21,240377,98.0162428,4.52219284,Rural,Free flow,12.6672374,15.4958851,17.0347082,1013.38832,404.262357,1.40380066,0.13648758,0.08976618,0.03877524,High,21.2211751
2,Truck,Diesel,0.83215588,2,265853,79.3766467,3.55851897,Rural,Moderate,23.8023293,79.1277913,13.1462372,1025.14337,203.832391,0.66453632,0.07008614,0.07503203,0.05231907,Medium,10.6415245
2,Truck,Hybrid,1.05989095,19,38280,80.0998944,4.46026077,Rural,Heavy,3.80971328,78.982026,8.12760714,1018.21731,377.729952,0.11911099,0.11383252,0.0125885,0.08821066,High,18.0778564
1,Bus,Diesel,4.8652551,24,126682,13.1909968,1.76962045,City,Moderate,20.5437318,53.3810729,16.9188931,1017.60052,337.114926,1.77005564,0.16202825,0.08888952,0.01728555,High,16.0966134
1,Truck,Hybrid,2.49933247,17,218252,52.1763845,2.03848426,Rural,Moderate,7.50865221,17.7659548,12.889454,961.189608,454.746575,1.11543033,0.11939437,0.0499433,0.08371129,High,23.468018
1,Car,Diesel,2.4103969,4,222088,79.2563355,3.03946965,City,Moderate,-3.7631734,67.5299262,16.4855556,990.893373,338.300472,1.8499132,0.09412202,0.05479078,0.05785003,High,17.7011059
2,Motorcycle,Petrol,4.36057085,29,203807,110.322968,1.24310411,Rural,Free flow,7.33490173,80.3977238,16.3546847,1023.48257,130.324363,1.16892455,0.04139871,0.06099549,0.06308687,Low,6.81843222
1,Truck,Hybrid,3.91077153,5,38941,101.9143,1.1938721,Highway,Moderate,-8.4324908,99.6905024,8.59960435,972.76148,88.9383905,0.11601032,0.04939211,0.0610598,0.03128315,Low,3.99681519
1,Motorcycle,Petrol,3.27366121,19,177250,67.9195623,2.87698547,Rural,Free flow,8.19373996,23.276736,10.7002135,1008.20557,234.402849,0.65810962,0.1005615,0.07606112,0.04765187,Medium,11.4994168
1,Car,Hybrid,4.29703777,24,42634,113.908877,3.07449925,City,Heavy,-6.3163051,63.0747451,13.0294654,988.385447,414.524416,0.34279345,0.06952258,0.04947851,0.06598676,High,20.9477868
1,Bus,Electric,0.91545463,23,76596,67.2416644,2.37815378,Rural,Free flow,25.5417495,82.2412475,6.79605281,1038.96937,447.108643,1.10911278,0.02641337,0.06857184,0.07533754,High,23.0840229
1,Bus,Diesel,2.01333068,3,3321,114.377081,2.58910149,City,Moderate,36.3321419,57.4072035,4.90084848,955.426592,156.955446,1.83450035,0.16975475,0.06272291,0.01442792,Medium,9.32522331
1,Car,Petrol,1.91491371,2,151117,112.59425,4.30577308,City,Heavy,-8.5893157,17.5749737,6.51399262,976.369557,271.646808,1.40176377,0.14587155,0.03692904,0.0625593,Medium,15.2763684
1,Truck,Electric,3.9368762,23,231560,90.8255703,2.65208596,Highway,Moderate,22.1965841,65.0913609,6.79581757,1030.16471,92.9547892,1.91905641,0.04738977,0.08849849,0.01287497,Low,4.95853825
2,Car,Petrol,2.80869607,27,60690,34.26098,1.74180671,Highway,Moderate,10.0659843,69.926288,9.13478891,1046.50254,289.086258,0.57003433,0.12683215,0.01802684,0.08879177,Medium,15.0121702
1,Bus,Diesel,4.67628527,15,133727,43.3193711,4.71949405,City,Free flow,4.64634298,33.1019725,5.78846037,982.375043,189.677182,1.94180915,0.18717683,0.04695468,0.06659919,Medium,11.0593878
2,Truck,Electric,3.59520875,10,244852,22.8859685,3.14536316,Highway,Moderate,17.6160867,6.31683863,3.38128035,960.375122,323.173604,1.56966185,0.0849586,0.07967862,0.02598065,High,17.0826215
1,Truck,Electric,2.22473812,13,40765,91.9617557,1.67894481,City,Heavy,16.6615166,52.8524992,11.6729766,1027.78686,208.840497,1.0702919,0.12434792,0.03027863,0.04343847,Medium,10.8074833
2,Motorcycle,Diesel,5.24812244,15,153097,64.0067141,0.94486945,Highway,Free flow,35.0543603,17.3928717,1.85225176,1034.84759,150.379661,0.85388705,0.06062015,0.0730696,0.09497033,Medium,6.48757612
1,Truck,Petrol,3.04679979,27,250105,111.461517,4.0482227,City,Moderate,25.9278025,76.071321,10.4784194,1033.49255,434.101159,1.8159629,0.04815048,0.05816398,0.0416299,High,23.738991
2,Car,Diesel,5.91132377,21,126518,55.7692541,3.27172375,Rural,Heavy,22.4195428,93.3406843,2.40263487,1021.36874,159.863804,0.93525687,0.0383348,0.0934138,0.03212206,Medium,8.77522784
1,Motorcycle,Diesel,2.6551173,18,77585,18.4492834,4.26909636,Rural,Moderate,29.5973237,97.3152926,17.3235166,960.223319,110.72446,1.39880827,0.0662856,0.09107939,0.08198374,Low,6.71595406
1,Motorcycle,Hybrid,4.25941875,21,167261,21.1961423,0.64317586,Highway,Free flow,1.01932195,2.08385716,4.47605531,982.041115,83.8456206,0.50392424,0.1179057,0.09961764,0.03360905,Low,4.55275128
2,Bus,Petrol,1.92040712,8,161333,58.572671,3.07801469,Highway,Free flow,36.9509415,65.8752984,14.5101204,983.873059,64.1194587,1.36947313,0.04958783,0.07323747,0.02215007,Low,2.37181791
1,Motorcycle,Electric,4.41906587,7,106075,11.3030949,0.92725569,City,Free flow,25.5964219,70.9522139,6.57456113,966.751997,100.670996,1.93583477,0.02232222,0.0151704,0.01894049,Low,4.12336629
2,Car,Electric,2.42952091,8,8187,76.453989,3.75894415,City,Heavy,24.1856984,22.0035743,0.35933488,1024.88258,489.841895,1.41663092,0.07561967,0.08474159,0.0687154,High,24.9432458
1,Car,Electric,1.24957904,18,130047,75.0201879,1.53200915,Rural,Moderate,16.9976775,33.201191,0.95523428,1033.81501,245.54818,0.15363106,0.05340819,0.02861973,0.07032471,Medium,10.6612017