,emissions,engine_size,fuel_consumption,power_output,vehicle_mass,torque,production_year,region,vehicle_type
0,133.77659574468083,12.0,12.733850129198967,483.695652173913,3376.5239580379925,266.66666666666663,1990.0,North America,Sedan
1,105.85106382978722,12.0,14.844961240310077,664.4021739130435,3564.0771193648993,245.83333333333331,1990.0,North America,SUV
2,133.77659574468083,12.0,13.27390180878553,586.9565217391304,3309.0445137510633,225.0,1990.0,North America,Truck
3,115.1595744680851,12.0,12.58656330749354,586.9565217391304,3306.067479444287,266.66666666666663,1990.0,North America,Coupe
4,124.46808510638299,12.0,12.488372093023255,535.3260869565217,3321.944995747094,204.16666666666669,1990.0,North America,Convertible
5,105.85106382978722,12.0,18.723514211886304,834.7826086956521,4207.11652962858,183.33333333333331,1990.0,North America,Hatchback
6,96.54255319148936,12.0,19.95090439276486,948.3695652173913,4220.01701162461,141.66666666666666,1990.0,North America,Van
7,96.54255319148936,12.0,19.26356589147287,922.5543478260869,4178.338531329742,120.83333333333333,1990.0,North America,
8,96.54255319148936,12.0,20.0,974.1847826086956,4290.473490218315,183.33333333333331,1990.0,North America,
9,105.85106382978722,12.0,16.808785529715763,793.4782608695652,3719.875248086192,120.83333333333333,1990.0,North America,
10,105.85106382978722,12.0,16.46511627906977,690.2173913043479,3435.0722994045927,183.33333333333331,1990.0,North America,
11,96.54255319148936,12.0,14.354005167958656,638.5869565217391,3480.720158775163,100.0,1990.0,North America,
12,105.85106382978722,12.0,17.299741602067183,586.9565217391304,3631.5565636518286,162.5,1990.0,North America,
13,96.54255319148936,12.0,20.0,974.1847826086956,2961.723844627162,183.33333333333331,1990.0,North America,
14,189.62765957446808,4.0,3.2093023255813953,302.9891304347826,2253.1896796144033,391.66666666666663,1990.0,Europe,
15,171.01063829787233,8.0,7.3824289405684755,302.9891304347826,2710.6606180890276,412.5,1990.0,North America,
16,133.77659574468083,8.0,7.431524547803618,313.3152173913044,2652.112276722427,412.5,1990.0,North America,
17,161.70212765957444,8.0,7.48062015503876,251.3586956521739,2466.543804933371,433.3333333333333,1990.0,North America,
18,217.5531914893617,4.0,2.4237726098191215,266.8478260869565,2013.0422455344485,370.8333333333333,1990.0,Europe,
19,208.2446808510638,4.0,2.4237726098191215,50.0,1720.300538701446,620.8333333333334,1990.0,Asia,
20,198.93617021276597,4.0,3.062015503875969,261.6847826086956,2550.8931102920333,495.8333333333333,1990.0,Asia,
21,189.62765957446808,4.0,2.9147286821705425,277.17391304347825,2310.7456762120783,370.8333333333333,1990.0,Asia,
22,198.93617021276597,4.0,2.7674418604651163,302.9891304347826,2256.1667139211795,495.8333333333333,1990.0,Asia,
23,208.2446808510638,4.0,3.602067183462532,395.92391304347825,2116.246101502694,287.5,1990.0,Asia,
24,161.70212765957444,8.0,7.431524547803618,277.17391304347825,2527.0768358378227,391.66666666666663,1990.0,North America,
25,59.308510638297875,12.0,15.335917312661499,922.5543478260869,4479.018996314148,350.0,1990.0,North America,
26,59.308510638297875,12.0,12.733850129198967,845.108695652174,4241.848596540969,391.66666666666663,1990.0,North America,
27,68.61702127659575,12.0,13.27390180878553,896.7391304347826,4247.802665154522,329.16666666666663,1990.0,North America,
28,50.0,12.0,12.58656330749354,808.9673913043479,4595.1233342784235,537.5,1990.0,North America,
29,217.5531914893617,4.0,2.4237726098191215,266.8478260869565,2013.0422455344485,370.8333333333333,1992.8333333333333,Europe,
30,226.86170212765958,4.0,4.534883720930233,277.17391304347825,2146.0164445704568,412.5,1992.8333333333333,North America,
31,198.93617021276597,4.0,3.2093023255813953,302.9891304347826,2110.292032889141,350.0,1992.8333333333333,Europe,
32,198.93617021276597,4.0,2.4728682170542635,,1929.6852849447123,558.3333333333333,1992.8333333333333,North America,
33,143.08510638297872,8.0,9.051679586563308,328.804347826087,2513.1840090728665,308.33333333333337,1992.8333333333333,North America,
34,115.1595744680851,8.0,8.708010335917313,354.6195652173913,3312.02154805784,412.5,1992.8333333333333,North America,
35,124.46808510638299,8.0,9.935400516795866,328.804347826087,3202.863623476042,412.5,1992.8333333333333,North America,Sedan
36,143.08510638297872,8.0,9.935400516795866,266.8478260869565,3176.0703147150552,412.5,1992.8333333333333,North America,
37,133.77659574468083,8.0,9.051679586563308,328.804347826087,3162.177487950099,412.5,1992.8333333333333,North America,
38,96.54255319148936,12.0,14.844961240310077,664.4021739130435,4076.1270201304224,266.66666666666663,1992.8333333333333,North America,Van
39,96.54255319148936,12.0,17.299741602067183,716.0326086956521,4329.174936206407,245.83333333333331,1992.8333333333333,North America,
40,96.54255319148936,12.0,14.89405684754522,602.4456521739131,4021.5480578395236,329.16666666666663,1992.8333333333333,North America,Hatchback
41,96.54255319148936,12.0,13.27390180878553,586.9565217391304,3963.9920612418487,308.33333333333337,1992.8333333333333,North America,
42,77.92553191489361,12.0,16.46511627906977,741.8478260869565,4816.416217748795,245.83333333333331,1992.8333333333333,North America,
43,87.2340425531915,12.0,17.299741602067183,690.2173913043479,4609.01616104338,266.66666666666663,1992.8333333333333,North America,
44,87.2340425531915,12.0,17.299741602067183,716.0326086956521,5000.0,266.66666666666663,1992.8333333333333,North America,
45,133.77659574468083,8.0,10.328165374677003,380.4347826086956,2838.6730932804085,329.16666666666663,1992.8333333333333,North America,
46,171.01063829787233,4.0,4.534883720930233,184.2391304347826,2288.9140912957187,558.3333333333333,1992.8333333333333,North America,
47,143.08510638297872,8.0,9.935400516795866,328.804347826087,3156.2234193365466,391.66666666666663,1992.8333333333333,North America,
48,133.77659574468083,8.0,9.935400516795866,266.8478260869565,3014.3181173802095,370.8333333333333,1992.8333333333333,North America,
49,180.3191489361702,4.0,3.6511627906976742,256.52173913043475,2102.3532747377376,350.0,1992.8333333333333,North America,
50,226.86170212765958,4.0,3.3565891472868215,277.17391304347825,2006.0958321519706,350.0,1992.8333333333333,Asia,
51,245.4787234042553,4.0,1.5400516795865633,173.91304347826087,1957.4709384746243,579.1666666666667,1992.8333333333333,Asia,
52,245.4787234042553,4.0,1.9819121447028423,204.8913043478261,1948.5398355542955,370.8333333333333,1992.8333333333333,Asia,
53,254.7872340425532,4.0,1.1472868217054264,148.0978260869565,1658.775163028069,558.3333333333333,1992.8333333333333,Europe,
54,292.02127659574467,4.0,1.1963824289405685,168.75,1500.0,516.6666666666667,1992.8333333333333,Europe,
55,217.5531914893617,4.0,2.4237726098191215,122.28260869565217,1719.3081939325207,558.3333333333333,1992.8333333333333,Asia,
56,208.2446808510638,4.0,2.1291989664082687,173.91304347826087,1839.381910972498,620.8333333333334,1992.8333333333333,North America,
57,189.62765957446808,4.0,3.2093023255813953,302.9891304347826,2159.9092713354125,412.5,1995.6666666666667,Europe,
58,198.93617021276597,4.0,2.4483204134366927,225.54347826086956,2009.0728664587468,475.0,1995.6666666666667,North America,
59,180.3191489361702,4.0,2.4237726098191215,91.30434782608695,2136.0929968812025,745.8333333333333,1995.6666666666667,Asia,
60,152.3936170212766,4.0,4.534883720930233,277.17391304347825,2288.9140912957187,579.1666666666667,1995.6666666666667,North America,
61,161.70212765957444,4.0,3.6511627906976742,256.52173913043475,2108.30734335129,454.16666666666663,1995.6666666666667,North America,
62,87.2340425531915,12.0,14.844961240310077,664.4021739130435,4140.629430110575,266.66666666666663,1995.6666666666667,North America,Van
63,96.54255319148936,12.0,17.299741602067183,716.0326086956521,4250.779699461298,266.66666666666663,1995.6666666666667,North America,
64,105.85106382978722,12.0,13.27390180878553,586.9565217391304,4002.69350722994,329.16666666666663,1995.6666666666667,North America,
65,96.54255319148936,12.0,14.89405684754522,602.4456521739131,3996.739438616388,308.33333333333337,1995.6666666666667,North America,Hatchback
66,124.46808510638299,12.0,12.58656330749354,586.9565217391304,3543.237879217465,245.83333333333331,1995.6666666666667,North America,
67,68.61702127659575,12.0,18.723514211886304,886.4130434782609,4496.881202154806,225.0,1995.6666666666667,North America,
68,87.2340425531915,12.0,14.844961240310077,612.7717391304348,4366.884037425574,329.16666666666663,1995.6666666666667,North America,
69,77.92553191489361,12.0,14.844961240310077,638.5869565217391,4321.236178055004,329.16666666666663,1995.6666666666667,North America,
70,87.2340425531915,12.0,17.299741602067183,793.4782608695652,4287.49645591154,287.5,1995.6666666666667,North America,
71,143.08510638297872,2.0,1.0981912144702843,313.3152173913044,2211.511199319535,329.16666666666663,1995.6666666666667,Europe,
72,105.85106382978722,12.0,12.58656330749354,586.9565217391304,3761.5537283810604,287.5,1995.6666666666667,North America,
73,87.2340425531915,12.0,12.733850129198967,483.695652173913,3965.976750779699,350.0,1995.6666666666667,North America,
74,87.2340425531915,12.0,12.488372093023255,535.3260869565217,4160.476325489084,433.3333333333333,1995.6666666666667,North America,
75,96.54255319148936,12.0,13.27390180878553,586.9565217391304,3945.1375106322657,350.0,1995.6666666666667,North America,
76,133.77659574468083,4.0,3.602067183462532,390.7608695652174,2809.8950949815708,370.8333333333333,1995.6666666666667,Asia,
77,171.01063829787233,4.0,3.602067183462532,204.8913043478261,2391.125602495038,516.6666666666667,1995.6666666666667,Asia,
78,161.70212765957444,4.0,3.55297157622739,261.6847826086956,2855.5429543521404,579.1666666666667,1995.6666666666667,Asia,
79,208.2446808510638,4.0,2.3746770025839794,168.75,2071.590586901049,516.6666666666667,1995.6666666666667,Asia,
80,171.01063829787233,4.0,3.6511627906976742,256.52173913043475,2276.013609299688,433.3333333333333,1995.6666666666667,North America,
81,226.86170212765958,4.0,2.4237726098191215,287.5,2169.832719024667,475.0,1995.6666666666667,Europe,
82,180.3191489361702,4.0,3.55297157622739,313.3152173913044,2386.1638786504113,370.8333333333333,1995.6666666666667,Europe,
83,226.86170212765958,4.0,2.4728682170542635,225.54347826086956,2046.7819676779131,391.66666666666663,1995.6666666666667,North America,
84,217.5531914893617,4.0,2.4237726098191215,266.8478260869565,1983.2719024666856,454.16666666666663,1995.6666666666667,Europe,
85,87.2340425531915,12.0,14.844961240310077,716.0326086956521,3967.9614403175506,308.33333333333337,1998.5,North America,
86,96.54255319148936,12.0,12.58656330749354,586.9565217391304,3543.237879217465,245.83333333333331,1998.5,North America,
87,87.2340425531915,12.0,14.844961240310077,561.141304347826,3856.818826197902,308.33333333333337,1998.5,North America,
88,96.54255319148936,12.0,12.488372093023255,519.8369565217391,3910.405443719875,370.8333333333333,1998.5,North America,
89,105.85106382978722,12.0,13.27390180878553,586.9565217391304,3647.4340799546353,287.5,1998.5,North America,
90,77.92553191489361,12.0,18.723514211886304,834.7826086956521,4813.4391834420185,245.83333333333331,1998.5,North America,
91,87.2340425531915,12.0,17.299741602067183,586.9565217391304,4329.174936206407,266.66666666666663,1998.5,North America,
92,87.2340425531915,12.0,14.89405684754522,628.2608695652174,4228.948114544939,308.33333333333337,1998.5,North America,
93,96.54255319148936,12.0,13.27390180878553,586.9565217391304,4103.912673660335,370.8333333333333,1998.5,North America,
94,87.2340425531915,12.0,19.26356589147287,922.5543478260869,4598.1003685852,225.0,1998.5,North America,
95,77.92553191489361,12.0,20.0,974.1847826086956,4812.446838673093,225.0,1998.5,North America,
96,87.2340425531915,12.0,15.335917312661499,716.0326086956521,3691.0972497873545,225.0,1998.5,North America,
97,133.77659574468083,8.0,8.708010335917313,354.6195652173913,2996.4559115395523,454.16666666666663,1998.5,North America,
98,115.1595744680851,8.0,9.935400516795866,328.804347826087,3152.2540402608447,516.6666666666667,1998.5,North America,
99,133.77659574468083,8.0,9.051679586563308,328.804347826087,2821.803232208676,433.3333333333333,1998.5,North America,
100,133.77659574468083,8.0,9.935400516795866,266.8478260869565,2897.221434647009,454.16666666666663,1998.5,North America,
101,180.3191489361702,8.0,7.3824289405684755,302.9891304347826,2781.117096682733,433.3333333333333,1998.5,North America,
102,208.2446808510638,4.0,2.4237726098191215,50.0,1834.4201871278708,641.6666666666666,1998.5,Asia,
103,68.61702127659575,12.0,17.299741602067183,586.9565217391304,4858.094698043664,350.0,1998.5,North America,Van
104,77.92553191489361,12.0,17.299741602067183,674.7282608695652,4767.791324071449,287.5,1998.5,North America,
105,87.2340425531915,12.0,15.335917312661499,690.2173913043479,4517.7204423022395,308.33333333333337,1998.5,North America,
106,77.92553191489361,12.0,14.844961240310077,741.8478260869565,4363.9070031187985,287.5,1998.5,North America,
107,133.77659574468083,8.0,9.051679586563308,328.804347826087,2666.9974482563084,391.66666666666663,1998.5,North America,
108,152.3936170212766,4.0,2.4237726098191215,266.8478260869565,2160.9016161043382,558.3333333333333,1998.5,Europe,
109,161.70212765957444,4.0,4.534883720930233,184.2391304347826,2281.9676779132405,579.1666666666667,1998.5,North America,
110,171.01063829787233,4.0,2.9638242894056845,297.82608695652175,2260.1360929968814,454.16666666666663,1998.5,Europe,
111,133.77659574468083,2.0,1.0981912144702843,277.17391304347825,2007.0881769208959,329.16666666666663,1998.5,Europe,
112,143.08510638297872,4.0,3.6511627906976742,251.3586956521739,2191.6643039410264,537.5,1998.5,North America,
113,161.70212765957444,8.0,5.271317829457365,364.945652173913,2352.4241565069465,350.0,1998.5,North America,
114,208.2446808510638,4.0,2.4728682170542635,277.17391304347825,2147.008789339382,412.5,1998.5,Asia,
115,105.85106382978722,12.0,14.844961240310077,561.141304347826,3950.0992344768924,308.33333333333337,1998.5,North America,
116,115.1595744680851,12.0,17.299741602067183,1000.0,4144.598809186277,162.5,1998.5,North America,
117,236.17021276595744,4.0,1.0,65.48913043478261,1752.0555713070598,579.1666666666667,1998.5,Asia,
118,189.62765957446808,4.0,3.3565891472868215,199.72826086956522,2040.8278990643607,412.5,1998.5,Asia,
119,152.3936170212766,4.0,3.2583979328165373,282.3369565217391,2461.582081088744,350.0,1998.5,Asia,
120,143.08510638297872,4.0,3.602067183462532,390.7608695652174,2745.3926850014177,412.5,1998.5,Asia,
121,105.85106382978722,12.0,13.27390180878553,586.9565217391304,3272.3277573008227,225.0,1998.5,North America,
122,189.62765957446808,4.0,3.602067183462532,380.4347826086956,2538.9849730649275,350.0,1998.5,Asia,
123,152.3936170212766,8.0,5.320413436692506,442.39130434782606,2684.8596540969666,329.16666666666663,1998.5,Europe,
124,68.61702127659575,12.0,14.844961240310077,741.8478260869565,3535.299121066062,225.0,1998.5,North America,
125,152.3936170212766,8.0,7.3824289405684755,302.9891304347826,2977.601360929969,454.16666666666663,2001.3333333333333,North America,
126,161.70212765957444,8.0,7.48062015503876,,2752.339098383896,475.0,2001.3333333333333,North America,
127,143.08510638297872,8.0,9.051679586563308,328.804347826087,2778.140062375957,433.3333333333333,2001.3333333333333,North America,
128,105.85106382978722,8.0,9.935400516795866,328.804347826087,3209.81003685852,475.0,2001.3333333333333,North America,
129,254.7872340425532,4.0,1.5400516795865633,158.42391304347825,1834.4201871278708,558.3333333333333,2001.3333333333333,Europe,
130,208.2446808510638,4.0,3.6511627906976742,225.54347826086956,2331.584916359512,454.16666666666663,2001.3333333333333,North America,
131,264.09574468085106,4.0,1.1472868217054264,148.0978260869565,1721.2928834703714,641.6666666666666,2001.3333333333333,Europe,
132,198.93617021276597,4.0,4.534883720930233,199.72826086956522,2421.8882903317267,475.0,2001.3333333333333,North America,
133,115.1595744680851,8.0,9.935400516795866,328.804347826087,3651.403459030337,475.0,2001.3333333333333,North America,
134,115.1595744680851,8.0,10.328165374677003,380.4347826086956,3503.5440884604477,516.6666666666667,2001.3333333333333,North America,
135,133.77659574468083,8.0,8.708010335917313,354.6195652173913,3484.689537850865,454.16666666666663,2001.3333333333333,North America,
136,115.1595744680851,12.0,12.488372093023255,535.3260869565217,4008.647575843493,350.0,2001.3333333333333,North America,
137,87.2340425531915,12.0,14.844961240310077,586.9565217391304,4562.375956903885,370.8333333333333,2001.3333333333333,North America,
138,96.54255319148936,12.0,13.27390180878553,586.9565217391304,4322.22852282393,329.16666666666663,2001.3333333333333,North America,
139,96.54255319148936,12.0,12.488372093023255,535.3260869565217,4501.842925999433,433.3333333333333,2001.3333333333333,North America,
140,96.54255319148936,12.0,12.58656330749354,586.9565217391304,4123.759569038843,412.5,2001.3333333333333,North America,
141,236.17021276595744,4.0,2.4728682170542635,241.0326086956522,2101.3609299688123,454.16666666666663,2001.3333333333333,Asia,
142,208.2446808510638,4.0,1.5400516795865633,158.42391304347825,1847.3206691239013,412.5,2001.3333333333333,Asia,
143,208.2446808510638,4.0,2.4237726098191215,215.2173913043478,2181.740856251772,370.8333333333333,2001.3333333333333,Asia,
144,254.7872340425532,4.0,1.392764857881137,80.97826086956522,1535.7244116813156,454.16666666666663,2001.3333333333333,Europe,
145,264.09574468085106,4.0,1.7364341085271318,127.44565217391305,1887.0144598809186,558.3333333333333,2001.3333333333333,Europe,
146,226.86170212765958,4.0,2.0801033591731266,199.72826086956522,2008.0805216898214,370.8333333333333,2001.3333333333333,North America,
147,189.62765957446808,4.0,2.0801033591731266,199.72826086956522,1991.2106606180892,412.5,2001.3333333333333,Asia,
148,208.2446808510638,4.0,3.3565891472868215,199.72826086956522,2128.1542387297986,350.0,2001.3333333333333,Asia,
149,189.62765957446808,4.0,3.55297157622739,313.3152173913044,2369.294017578679,391.66666666666663,2001.3333333333333,Europe,
150,208.2446808510638,4.0,2.9638242894056845,292.6630434782609,2272.0442302239862,412.5,2001.3333333333333,Europe,
151,254.7872340425532,4.0,1.5400516795865633,158.42391304347825,1884.0374255741424,433.3333333333333,2001.3333333333333,Asia,
152,143.08510638297872,8.0,8.708010335917313,302.9891304347826,3138.361213495889,433.3333333333333,2004.1666666666667,North America,
153,133.77659574468083,8.0,9.935400516795866,354.6195652173913,3331.8684434363486,433.3333333333333,2004.1666666666667,North America,
154,105.85106382978722,8.0,9.935400516795866,184.2391304347826,3305.0751346753614,641.6666666666666,2004.1666666666667,North America,
155,105.85106382978722,8.0,9.935400516795866,184.2391304347826,3033.172667989793,579.1666666666667,2004.1666666666667,North America,
156,115.1595744680851,12.0,17.299741602067183,690.2173913043479,4531.613269067196,245.83333333333331,2004.1666666666667,North America,
157,105.85106382978722,12.0,14.844961240310077,561.141304347826,4305.358661752198,350.0,2004.1666666666667,North America,
158,115.1595744680851,12.0,13.27390180878553,586.9565217391304,4362.914658349872,370.8333333333333,2004.1666666666667,North America,
159,96.54255319148936,12.0,14.89405684754522,576.6304347826087,4520.697476609016,329.16666666666663,2004.1666666666667,North America,
160,124.46808510638299,8.0,9.002583979328165,380.4347826086956,3776.438899914942,641.6666666666666,2004.1666666666667,North America,
161,115.1595744680851,8.0,9.935400516795866,354.6195652173913,3766.5154522256876,537.5,2004.1666666666667,North America,
162,105.85106382978722,8.0,10.328165374677003,380.4347826086956,3600.7938758151404,558.3333333333333,2004.1666666666667,North America,
163,133.77659574468083,8.0,8.708010335917313,302.9891304347826,3655.372838106039,558.3333333333333,2004.1666666666667,North America,
164,161.70212765957444,8.0,9.002583979328165,380.4347826086956,2915.0836404876663,391.66666666666663,2004.1666666666667,North America,
165,152.3936170212766,12.0,10.524547803617573,380.4347826086956,3095.6903884320955,329.16666666666663,2004.1666666666667,North America,
166,87.2340425531915,12.0,12.488372093023255,478.5326086956522,3044.0884604479725,266.66666666666663,2004.1666666666667,North America,
167,236.17021276595744,4.0,2.4237726098191215,199.72826086956522,2053.7283810603913,433.3333333333333,2004.1666666666667,Europe,
168,180.3191489361702,4.0,4.534883720930233,241.0326086956522,2518.1457329174937,475.0,2004.1666666666667,North America,
169,152.3936170212766,8.0,9.051679586563308,328.804347826087,2791.0405443719874,433.3333333333333,2004.1666666666667,North America,
170,180.3191489361702,4.0,4.534883720930233,215.2173913043478,2471.5055287779983,537.5,2004.1666666666667,North America,
171,189.62765957446808,4.0,4.24031007751938,308.15217391304344,2580.663453359796,329.16666666666663,2004.1666666666667,Europe,
172,198.93617021276597,4.0,2.0801033591731266,179.07608695652172,2105.330309044514,454.16666666666663,2004.1666666666667,Asia,
173,189.62765957446808,4.0,3.503875968992248,313.3152173913044,2424.865324638503,475.0,2004.1666666666667,Europe,
174,133.77659574468083,8.0,6.056847545219638,313.3152173913044,2860.5046781967676,370.8333333333333,2004.1666666666667,North America,
175,236.17021276595744,4.0,2.0801033591731266,173.91304347826087,1821.51970513184,350.0,2004.1666666666667,Asia,
176,143.08510638297872,8.0,9.051679586563308,277.17391304347825,3085.766940742841,475.0,2004.1666666666667,North America,
177,180.3191489361702,4.0,3.30749354005168,302.9891304347826,2572.7246952083924,391.66666666666663,2004.1666666666667,Asia,
178,180.3191489361702,4.0,3.55297157622739,266.8478260869565,2833.7113694357813,475.0,2004.1666666666667,Asia,
179,171.01063829787233,4.0,3.602067183462532,318.4782608695652,2821.803232208676,370.8333333333333,2004.1666666666667,Asia,
180,198.93617021276597,4.0,3.602067183462532,406.25,2549.900765523107,329.16666666666663,2004.1666666666667,Asia,
181,273.4042553191489,4.0,2.1291989664082687,86.1413043478261,1680.6067479444287,495.8333333333333,2004.1666666666667,Europe,
182,226.86170212765958,4.0,2.9147286821705425,256.52173913043475,2344.485398355543,412.5,2007.0,Asia,
183,198.93617021276597,4.0,3.3565891472868215,230.70652173913044,2102.3532747377376,470.83333333333326,2007.0,Asia,
184,198.93617021276597,4.0,4.534883720930233,287.5,2451.6586333994896,387.5,2007.0,North America,
185,208.2446808510638,4.0,2.4728682170542635,220.3804347826087,2137.0853416501277,504.16666666666663,2007.0,North America,
186,217.5531914893617,4.0,2.62015503875969,241.0326086956522,2084.4910688970795,404.1666666666667,2007.0,Asia,
187,129.1223404255319,12.0,12.635658914728682,535.3260869565217,4082.0810887439748,308.33333333333337,2007.0,North America,
188,115.1595744680851,12.0,13.27390180878553,586.9565217391304,4057.2724695208394,308.33333333333337,2007.0,North America,
189,110.50531914893617,12.0,12.58656330749354,432.0652173913044,3831.0178622058406,345.83333333333337,2007.0,North America,
190,101.1968085106383,12.0,14.89405684754522,597.2826086956521,4082.0810887439748,300.0,2007.0,North America,
191,171.01063829787233,8.0,8.708010335917313,328.804347826087,3107.5985256592003,408.3333333333333,2007.0,North America,
192,171.01063829787233,8.0,9.935400516795866,354.6195652173913,3226.679897930252,370.8333333333333,2007.0,North America,
193,189.62765957446808,8.0,7.48062015503876,230.70652173913044,2888.29033172668,500.00000000000006,2007.0,North America,
194,175.66489361702128,8.0,9.051679586563308,277.17391304347825,2960.7314998582365,500.00000000000006,2007.0,North America,
195,236.17021276595744,4.0,1.8346253229974159,80.97826086956522,1918.7694924865325,691.6666666666666,2007.0,North America,
196,194.281914893617,4.0,2.4728682170542635,122.28260869565217,2046.7819676779131,687.5,2007.0,North America,
197,236.17021276595744,4.0,2.0801033591731266,173.91304347826087,1821.51970513184,358.3333333333333,2007.0,Asia,
198,273.4042553191489,4.0,2.1291989664082687,86.1413043478261,1680.6067479444287,491.6666666666666,2007.0,Europe,
199,152.3936170212766,8.0,8.708010335917313,328.804347826087,3522.398639070031,504.16666666666663,2007.0,North America,
200,133.77659574468083,8.0,9.935400516795866,215.2173913043478,3445.9880918627728,641.6666666666666,2007.0,North America,
201,138.43085106382978,8.0,9.935400516795866,380.4347826086956,3516.4445704564787,441.66666666666663,2007.0,North America,
202,129.1223404255319,8.0,10.328165374677003,302.9891304347826,3067.904734902183,508.33333333333337,2007.0,North America,
203,240.8244680851064,4.0,2.4237726098191215,179.07608695652172,1710.3770910121916,275.0,2007.0,Asia,
204,264.09574468085106,4.0,1.8346253229974159,173.91304347826087,1874.113977884888,475.0,2007.0,Europe,
205,226.86170212765958,4.0,2.4237726098191215,199.72826086956522,2037.8508647575843,449.99999999999994,2007.0,Europe,
206,212.89893617021275,4.0,4.534883720930233,184.2391304347826,2444.7122200170115,333.3333333333333,2007.0,North America,
207,152.3936170212766,4.0,4.043927648578811,339.1304347826087,3025.2339098383895,420.83333333333326,2007.0,Asia,
208,87.2340425531915,12.0,13.27390180878553,586.9565217391304,3809.1862772894815,316.66666666666663,2007.0,North America,
209,143.08510638297872,4.0,3.55297157622739,266.8478260869565,3144.3152821094413,679.1666666666665,2007.0,Asia,
210,143.08510638297872,8.0,5.320413436692506,370.10869565217394,2806.918060674794,412.5,2007.0,Europe,
211,119.81382978723404,8.0,5.909560723514211,432.0652173913044,3690.1049050184292,462.49999999999994,2007.0,Asia,
212,119.81382978723404,12.0,14.844961240310077,741.8478260869565,4245.817975616672,270.8333333333333,2007.0,North America,
213,87.2340425531915,12.0,14.844961240310077,561.141304347826,3923.3059257159057,266.66666666666663,2007.0,North America,
214,87.2340425531915,12.0,12.488372093023255,483.695652173913,3739.722143464701,391.66666666666663,2007.0,North America,
215,87.2340425531915,12.0,13.27390180878553,586.9565217391304,3625.602495038276,350.0,2007.0,North America,
216,259.4414893617021,4.0,2.4728682170542635,163.58695652173913,1928.6929401757868,537.5,2009.8333333333333,Europe,
217,245.4787234042553,4.0,3.111111111111111,225.54347826086956,2037.8508647575843,383.3333333333333,2009.8333333333333,North America,
218,301.32978723404256,4.0,1.5400516795865633,111.95652173913044,1710.3770910121916,541.6666666666667,2009.8333333333333,Asia,
219,203.5904255319149,4.0,3.6511627906976742,308.15217391304344,2181.740856251772,412.5,2009.8333333333333,North America,
220,278.0585106382979,4.0,1.8346253229974159,173.91304347826087,1829.4584632832434,466.6666666666667,2009.8333333333333,Europe,
221,129.1223404255319,12.0,12.635658914728682,561.141304347826,3749.645591153955,287.5,2009.8333333333333,North America,
222,124.46808510638299,12.0,10.426356589147286,380.4347826086956,3928.2676495605333,558.3333333333333,2009.8333333333333,North America,
223,110.50531914893617,12.0,13.27390180878553,561.141304347826,4007.655231074568,337.5,2009.8333333333333,North America,
224,105.85106382978722,12.0,12.488372093023255,483.695652173913,4161.468670258009,387.5,2009.8333333333333,North America,
225,129.1223404255319,8.0,9.935400516795866,380.4347826086956,3392.4014743407997,449.99999999999994,2009.8333333333333,North America,
226,157.04787234042553,8.0,9.002583979328165,354.6195652173913,3298.1287212928837,470.83333333333326,2009.8333333333333,North America,
227,143.08510638297872,8.0,8.708010335917313,328.804347826087,3501.559398922597,504.16666666666663,2009.8333333333333,North America,
228,138.43085106382978,8.0,9.935400516795866,318.4782608695652,3397.363198185427,558.3333333333333,2009.8333333333333,North America,
229,115.1595744680851,12.0,17.299741602067183,741.8478260869565,4087.0428125886024,229.16666666666666,2009.8333333333333,North America,
230,110.50531914893617,12.0,14.844961240310077,690.2173913043479,4032.4638502977036,241.66666666666666,2009.8333333333333,North America,
231,110.50531914893617,12.0,17.299741602067183,793.4782608695652,4191.239013325772,275.0,2009.8333333333333,North America,
232,115.1595744680851,12.0,14.89405684754522,581.7934782608696,4201.162461015027,370.8333333333333,2009.8333333333333,North America,
233,236.17021276595744,4.0,2.4237726098191215,215.2173913043478,1824.4967394386163,370.8333333333333,2009.8333333333333,Asia,
234,194.281914893617,4.0,5.074935400516796,266.8478260869565,2618.372554578962,433.3333333333333,2009.8333333333333,North America,
235,208.2446808510638,4.0,2.4237726098191215,199.72826086956522,2147.008789339382,525.0,2009.8333333333333,Europe,
236,203.5904255319149,4.0,4.534883720930233,272.0108695652174,2633.2577261128436,425.0,2009.8333333333333,North America,
237,250.13297872340425,4.0,2.4728682170542635,137.77173913043478,1934.6470087893395,475.0,2009.8333333333333,North America,
238,278.0585106382979,4.0,2.4728682170542635,241.0326086956522,1958.4632832435498,429.1666666666667,2009.8333333333333,North America,
239,245.4787234042553,4.0,2.4237726098191215,158.42391304347825,1869.152254040261,449.99999999999994,2009.8333333333333,Europe,
240,250.13297872340425,4.0,2.4237726098191215,215.2173913043478,2072.5829316699746,354.16666666666663,2009.8333333333333,Asia,
241,171.01063829787233,8.0,4.829457364341085,313.3152173913044,2692.7984122483695,370.8333333333333,2009.8333333333333,Europe,
242,166.3563829787234,4.0,3.602067183462532,380.4347826086956,2479.4442869294016,300.0,2009.8333333333333,Asia,
243,166.3563829787234,2.0,1.5891472868217054,380.4347826086956,2598.5256592004534,329.16666666666663,2009.8333333333333,Europe,
244,367.42021276595744,4.0,2.0801033591731266,60.326086956521735,1869.152254040261,662.5,2012.6666666666667,Asia,
245,302.26063829787233,4.0,2.4728682170542635,153.26086956521738,1685.5684717890558,366.66666666666663,2012.6666666666667,North America,
246,271.54255319148933,4.0,1.490956072351421,80.97826086956522,1869.152254040261,575.0,2012.6666666666667,Europe,
247,332.9787234042553,4.0,1.8346253229974159,173.91304347826087,1953.5015593989226,541.6666666666667,2012.6666666666667,Europe,
248,302.26063829787233,4.0,2.1291989664082687,122.28260869565217,1685.5684717890558,449.99999999999994,2012.6666666666667,Europe,
249,151.46276595744678,12.0,10.426356589147286,380.4347826086956,3238.588035157358,412.5,2012.6666666666667,North America,
250,146.80851063829786,12.0,13.27390180878553,535.3260869565217,3605.7555996597675,316.66666666666663,2012.6666666666667,North America,
251,154.25531914893617,12.0,12.488372093023255,530.1630434782609,3442.0187127870713,300.0,2012.6666666666667,North America,
252,144.94680851063828,8.0,9.002583979328165,354.6195652173913,3407.286645874681,566.6666666666666,2012.6666666666667,North America,
253,157.04787234042553,8.0,7.48062015503876,302.9891304347826,3030.1956336830167,525.0,2012.6666666666667,North America,
254,154.25531914893617,8.0,7.48062015503876,251.3586956521739,2841.6501275871847,425.0,2012.6666666666667,North America,
255,199.86702127659575,4.0,4.534883720930233,266.8478260869565,2598.5256592004534,408.3333333333333,2012.6666666666667,North America,
256,157.04787234042553,8.0,8.708010335917313,328.804347826087,3303.090445137511,483.3333333333333,2012.6666666666667,North America,
257,146.80851063829786,8.0,9.051679586563308,277.17391304347825,3084.7745959739154,483.3333333333333,2012.6666666666667,North America,
258,157.97872340425533,8.0,9.002583979328165,354.6195652173913,3253.473206691239,425.0,2012.6666666666667,North America,
259,159.8404255319149,8.0,7.48062015503876,251.3586956521739,2945.846328324355,462.49999999999994,2012.6666666666667,North America,
260,139.36170212765958,8.0,8.708010335917313,380.4347826086956,3491.635951233343,545.8333333333333,2012.6666666666667,North America,
261,134.70744680851067,8.0,10.328165374677003,432.0652173913044,3283.2435497590022,395.8333333333333,2012.6666666666667,North America,
262,144.94680851063828,12.0,12.635658914728682,561.141304347826,3298.1287212928837,316.66666666666663,2012.6666666666667,North America,
263,130.98404255319147,8.0,9.002583979328165,664.4021739130435,3317.9756166713923,325.0,2012.6666666666667,North America,
264,134.70744680851067,12.0,12.488372093023255,530.1630434782609,3079.8128721292883,233.33333333333331,2012.6666666666667,North America,
265,129.1223404255319,12.0,13.27390180878553,535.3260869565217,3948.114544939042,337.5,2012.6666666666667,North America,
266,245.4787234042553,4.0,2.4728682170542635,163.58695652173913,2037.8508647575843,454.16666666666663,2012.6666666666667,North America,
267,222.20744680851064,4.0,4.24031007751938,302.9891304347826,2439.7504961723844,358.3333333333333,2012.6666666666667,Europe,
268,219.41489361702125,4.0,3.503875968992248,313.3152173913044,2181.740856251772,379.16666666666663,2012.6666666666667,Europe,
269,253.8563829787234,4.0,2.8165374677002584,199.72826086956522,2112.276722426992,370.8333333333333,2012.6666666666667,North America,
270,162.63297872340428,4.0,4.24031007751938,302.9891304347826,2395.09498157074,383.3333333333333,2012.6666666666667,Europe,
271,182.18085106382978,4.0,5.320413436692506,354.6195652173913,2623.3342784235892,462.49999999999994,2012.6666666666667,North America,
272,187.76595744680853,4.0,5.074935400516796,251.3586956521739,2732.492203005387,500.00000000000006,2012.6666666666667,North America,
273,188.69680851063828,4.0,3.503875968992248,313.3152173913044,2285.9370569889425,387.5,2012.6666666666667,Europe,
274,155.18617021276594,6.0,4.093023255813954,344.29347826086956,2707.683583782251,429.1666666666667,2012.6666666666667,Asia,
275,124.46808510638299,8.0,5.664082687338501,457.8804347826087,3015.310462149135,333.3333333333333,2012.6666666666667,Asia,
276,167.2872340425532,4.0,3.602067183462532,406.25,2672.951516869861,420.83333333333326,2012.6666666666667,Asia,
277,117.02127659574467,8.0,5.664082687338501,499.1847826086956,3283.2435497590022,425.0,2012.6666666666667,Asia,
278,259.4414893617021,4.0,2.0310077519379846,179.07608695652172,1874.113977884888,387.5,2012.6666666666667,Asia,
279,240.8244680851064,4.0,2.4728682170542635,163.58695652173913,2018.0039693790757,458.33333333333337,2012.6666666666667,Europe,
280,166.3563829787234,8.0,9.002583979328165,406.25,3119.5066628863055,408.3333333333333,2015.5,North America,
281,150.53191489361703,8.0,7.48062015503876,251.3586956521739,2866.45874681032,525.0,2015.5,North America,
282,173.80319148936172,4.0,4.534883720930233,266.8478260869565,2767.224269917777,487.5,2015.5,North America,
283,154.25531914893617,8.0,9.051679586563308,277.17391304347825,3139.3535582648146,525.0,2015.5,North America,
284,157.97872340425533,8.0,8.708010335917313,380.4347826086956,3233.6263113127306,458.33333333333337,2015.5,North America,
285,124.46808510638299,12.0,12.635658914728682,483.695652173913,3709.951800396938,408.3333333333333,2015.5,North America,
286,130.05319148936172,12.0,12.488372093023255,478.5326086956522,3595.832151970513,325.0,2015.5,North America,
287,119.81382978723404,12.0,14.89405684754522,525.0,3824.0714488233625,316.66666666666663,2015.5,North America,
288,135.63829787234042,12.0,13.27390180878553,509.5108695652174,3700.0283527076836,399.99999999999994,2015.5,North America,
289,123.53723404255318,12.0,14.844961240310077,612.7717391304348,4225.971080238163,387.5,2015.5,North America,
290,110.50531914893617,12.0,14.89405684754522,545.6521739130435,3922.3135809469804,362.5,2015.5,North America,
291,144.94680851063828,12.0,10.77002583979328,457.8804347826087,3476.7507796994614,391.66666666666663,2015.5,North America,
292,138.43085106382978,12.0,15.335917312661499,586.9565217391304,3809.1862772894815,308.33333333333337,2015.5,North America,
293,263.1648936170212,4.0,2.0310077519379846,179.07608695652172,1809.6115679047348,350.0,2015.5,Asia,
294,283.6436170212766,4.0,1.8837209302325582,148.0978260869565,1859.2288063510066,399.99999999999994,2015.5,Europe,
295,298.5372340425532,4.0,2.4728682170542635,225.54347826086956,1799.6881202154805,366.66666666666663,2015.5,North America,
296,221.27659574468083,4.0,3.602067183462532,225.54347826086956,2548.908420754182,391.66666666666663,2015.5,North America,
297,202.65957446808508,6.0,6.645994832041343,210.05434782608697,3402.324922030054,604.1666666666667,2015.5,Asia,
298,180.3191489361702,12.0,14.844961240310077,457.8804347826087,3769.4924865324638,491.6666666666666,2015.5,North America,
299,219.41489361702125,4.0,4.583979328165375,179.07608695652172,3064.927700595407,800.0,2015.5,Asia,
300,188.69680851063828,12.0,10.426356589147286,277.17391304347825,3293.166997448256,691.6666666666666,2015.5,North America,
301,284.5744680851064,4.0,2.8165374677002584,173.91304347826087,2082.506379359229,316.66666666666663,2015.5,North America,
302,287.3670212765958,4.0,2.8165374677002584,173.91304347826087,2032.8891409129571,387.5,2015.5,North America,
303,262.2340425531915,4.0,1.8346253229974159,148.0978260869565,1903.884320952651,566.6666666666666,2015.5,Europe,
304,313.4308510638297,4.0,2.1291989664082687,168.75,2013.0422455344485,379.16666666666663,2015.5,Asia,
305,230.58510638297872,4.0,5.074935400516796,277.17391304347825,2548.908420754182,433.3333333333333,2015.5,North America,
306,234.30851063829786,8.0,6.155038759689922,406.25,2474.4825630847745,237.50000000000003,2015.5,North America,
307,215.6914893617021,8.0,6.155038759689922,406.25,2578.678763821945,304.1666666666667,2015.5,North America,
308,278.0585106382979,4.0,5.074935400516796,277.17391304347825,2435.781117096683,316.66666666666663,2015.5,North America,
309,352.52659574468083,4.0,2.4728682170542635,204.8913043478261,2026.9350722994045,379.16666666666663,2018.3333333333333,Asia,
310,320.87765957446805,4.0,2.0310077519379846,122.28260869565217,1852.2823929685285,550.0,2018.3333333333333,Europe,
311,265.0265957446809,4.0,2.4728682170542635,173.91304347826087,2003.1187978451942,412.5,2018.3333333333333,North America,
312,312.5,4.0,1.8837209302325582,148.0978260869565,1902.8919761837255,449.99999999999994,2018.3333333333333,Europe,
313,226.86170212765958,4.0,5.074935400516796,277.17391304347825,2556.8471789055857,454.16666666666663,2018.3333333333333,North America,
314,211.96808510638294,4.0,4.534883720930233,266.8478260869565,2747.377374539268,520.8333333333334,2018.3333333333333,North America,
315,192.42021276595744,4.0,5.074935400516796,277.17391304347825,2879.359228806351,604.1666666666667,2018.3333333333333,North America,
316,144.0159574468085,8.0,8.708010335917313,277.17391304347825,3254.4655514601645,545.8333333333333,2018.3333333333333,North America,
317,285.5053191489361,4.0,2.4237726098191215,215.2173913043478,2070.5982421321237,425.0,2018.3333333333333,Asia,
318,243.61702127659575,4.0,4.24031007751938,277.17391304347825,2589.5945562801244,412.5,2018.3333333333333,Europe,
319,257.57978723404256,4.0,3.55297157622739,199.72826086956522,2421.8882903317267,495.8333333333333,2018.3333333333333,Europe,
320,310.6382978723404,4.0,3.503875968992248,287.5,2314.71505528778,391.66666666666663,2018.3333333333333,Europe,
321,265.95744680851067,4.0,2.9638242894056845,199.72826086956522,2147.008789339382,399.99999999999994,2018.3333333333333,Europe,
322,400.0,4.0,1.8837209302325582,148.0978260869565,1993.1953501559399,512.5,2018.3333333333333,Europe,
323,225.93085106382978,4.0,5.320413436692506,354.6195652173913,2677.913240714488,366.66666666666663,2018.3333333333333,North America,
324,346.0106382978723,4.0,1.8346253229974159,148.0978260869565,1993.1953501559399,566.6666666666666,2018.3333333333333,Europe,
325,378.59042553191483,4.0,2.0801033591731266,60.326086956521735,1968.386730932804,670.8333333333333,2018.3333333333333,Asia,
326,370.2127659574468,4.0,2.0801033591731266,60.326086956521735,2216.4729231641622,754.1666666666666,2018.3333333333333,Asia,
327,305.05319148936167,6.0,3.602067183462532,158.42391304347825,2826.7649560533027,595.8333333333333,2018.3333333333333,Asia,
328,245.4787234042553,4.0,4.829457364341085,158.42391304347825,3124.4683867309327,675.0,2018.3333333333333,Asia,
329,381.3829787234042,4.0,2.1291989664082687,158.42391304347825,1735.1857102353274,341.66666666666674,2018.3333333333333,Europe,
330,346.9414893617021,4.0,1.8346253229974159,,1720.300538701446,487.5,2018.3333333333333,Asia,
331,280.8510638297872,4.0,2.4237726098191215,158.42391304347825,2027.92741706833,516.6666666666667,2018.3333333333333,Europe,
332,243.61702127659575,4.0,2.0310077519379846,132.6086956521739,1730.2239863907002,404.1666666666667,2018.3333333333333,Asia,
333,270.61170212765956,8.0,5.909560723514211,494.0217391304348,2787.0711652962855,241.66666666666666,2018.3333333333333,Europe,
334,186.8351063829787,2.0,1.0981912144702843,328.804347826087,2300.822228522824,287.5,2018.3333333333333,Europe,
335,292.02127659574467,4.0,3.6511627906976742,266.8478260869565,2380.2098100368585,395.8333333333333,2018.3333333333333,Asia,
336,185.90425531914894,4.0,4.534883720930233,,2782.1094414516588,362.5,2018.3333333333333,North America,
337,267.8191489361702,4.0,2.9147286821705425,184.2391304347826,2171.817408562518,475.0,2018.3333333333333,Europe,
338,219.41489361702125,4.0,4.289405684754522,246.19565217391303,2370.286362347604,420.83333333333326,2021.1666666666667,North America,
339,213.82978723404256,4.0,5.074935400516796,246.19565217391303,2514.1763538417918,449.99999999999994,2021.1666666666667,North America,
340,206.38297872340425,4.0,5.320413436692506,287.5,2499.2911823079103,366.66666666666663,2021.1666666666667,North America,
341,184.97340425531914,8.0,6.155038759689922,380.4347826086956,2603.4873830450806,291.66666666666663,2021.1666666666667,North America,
342,245.4787234042553,4.0,4.289405684754522,246.19565217391303,2266.090161610434,304.1666666666667,2021.1666666666667,North America,
343,330.186170212766,4.0,1.5400516795865633,111.95652173913044,1640.9129571874114,470.83333333333326,2021.1666666666667,Europe,
344,329.25531914893617,4.0,1.8837209302325582,142.93478260869566,1759.9943294584632,449.99999999999994,2021.1666666666667,North America,
345,292.95212765957444,4.0,1.6382428940568476,122.28260869565217,1645.8746810320386,437.50000000000006,2021.1666666666667,Europe,
346,266.8882978723404,4.0,2.4237726098191215,158.42391304347825,1948.5398355542955,508.33333333333337,2021.1666666666667,Europe,
347,310.6382978723404,4.0,1.8346253229974159,148.0978260869565,1859.2288063510066,575.0,2021.1666666666667,Europe,
348,317.15425531914894,4.0,2.0310077519379846,132.6086956521739,1933.654664020414,487.5,2021.1666666666667,Europe,
349,283.6436170212766,4.0,2.1291989664082687,163.58695652173913,1869.152254040261,433.3333333333333,2021.1666666666667,Europe,
350,289.22872340425533,4.0,2.8165374677002584,137.77173913043478,2097.3915508931104,387.5,2021.1666666666667,North America,
351,286.43617021276594,4.0,2.4728682170542635,148.0978260869565,1928.6929401757868,441.66666666666663,2021.1666666666667,North America,
352,244.54787234042553,4.0,2.4728682170542635,148.0978260869565,2261.1284377658067,629.1666666666666,2021.1666666666667,North America,
353,273.4042553191489,4.0,2.8165374677002584,194.56521739130434,2072.5829316699746,358.3333333333333,2021.1666666666667,Asia,
354,287.3670212765958,4.0,2.5710594315245476,,2201.5877516302808,425.0,2021.1666666666667,Asia,
355,279.92021276595744,4.0,2.9147286821705425,199.72826086956522,2092.4298270484833,366.66666666666663,2021.1666666666667,Europe,
356,267.8191489361702,4.0,2.9638242894056845,199.72826086956522,2231.3580946980437,466.6666666666667,2021.1666666666667,Europe,
357,272.4734042553191,4.0,3.503875968992248,328.804347826087,2494.329458463283,383.3333333333333,2021.1666666666667,Europe,
358,260.3723404255319,4.0,3.55297157622739,194.56521739130434,2514.1763538417918,529.1666666666667,2021.1666666666667,Europe,
359,227.79255319148936,4.0,4.583979328165375,225.54347826086956,3104.621491352424,616.6666666666666,2021.1666666666667,Asia,
360,251.99468085106383,8.0,4.780361757105943,204.8913043478261,3035.157357527644,583.3333333333335,2021.1666666666667,Asia,
361,202.65957446808508,8.0,5.909560723514211,411.4130434782609,2777.147717607031,291.66666666666663,2021.1666666666667,Europe,
362,191.48936170212764,8.0,4.829457364341085,432.0652173913044,2806.918060674794,341.66666666666674,2021.1666666666667,Europe,
363,174.73404255319147,8.0,9.002583979328165,380.4347826086956,3288.2052736036294,425.0,2021.1666666666667,North America,
364,213.82978723404256,12.0,14.844961240310077,354.6195652173913,3595.832151970513,558.3333333333333,2021.1666666666667,North America,
365,154.25531914893617,8.0,7.48062015503876,266.8478260869565,2935.9228806351007,479.16666666666674,2021.1666666666667,North America,
366,130.05319148936172,8.0,8.708010335917313,251.3586956521739,3337.822512049901,458.33333333333337,2021.1666666666667,North America,
367,226.86170212765958,4.0,3.160206718346253,266.8478260869565,2484.406010774029,583.3333333333335,2024.0,North America,
368,217.5531914893617,4.0,3.160206718346253,266.8478260869565,2519.138077686419,541.6666666666667,2024.0,North America,
369,282.7127659574468,4.0,3.160206718346253,266.8478260869565,2276.013609299688,516.6666666666667,2024.0,North America,
370,254.7872340425532,4.0,3.160206718346253,251.3586956521739,2454.635667706266,441.66666666666663,2024.0,North America,
371,236.17021276595744,4.0,4.289405684754522,246.19565217391303,2405.0184292599943,433.3333333333333,2024.0,North America,
372,217.5531914893617,4.0,5.074935400516796,277.17391304347825,2613.410830734335,516.6666666666667,2024.0,North America,
373,189.62765957446808,4.0,4.534883720930233,287.5,2742.4156506946415,449.99999999999994,2024.0,North America,
374,180.3191489361702,4.0,5.074935400516796,,2911.114261411965,620.8333333333334,2024.0,North America,
375,301.32978723404256,4.0,2.8165374677002584,194.56521739130434,1864.1905301956338,404.1666666666667,2024.0,Asia,
376,310.6382978723404,4.0,2.1291989664082687,163.58695652173913,1908.8460447972782,525.0,2024.0,Europe,
377,254.7872340425532,4.0,2.1291989664082687,163.58695652173913,1854.2670825063794,500.00000000000006,2024.0,Europe,
378,319.9468085106383,4.0,2.8165374677002584,137.77173913043478,2008.0805216898214,379.16666666666663,2024.0,North America,
379,301.32978723404256,4.0,2.4728682170542635,173.91304347826087,2008.0805216898214,487.5,2024.0,North America,
380,301.32978723404256,4.0,3.55297157622739,266.8478260869565,2042.8125886022115,370.8333333333333,2024.0,Europe,
381,301.32978723404256,4.0,2.9147286821705425,199.72826086956522,2087.468103203856,370.8333333333333,2024.0,Europe,
382,282.7127659574468,4.0,2.9638242894056845,173.91304347826087,2127.1618939608734,470.83333333333326,2024.0,Europe,
383,319.9468085106383,4.0,2.1291989664082687,158.42391304347825,1849.3053586617523,391.66666666666663,2024.0,Europe,
384,264.09574468085106,4.0,2.1291989664082687,158.42391304347825,1849.3053586617523,420.83333333333326,2024.0,Europe,
385,319.9468085106383,4.0,2.1291989664082687,158.42391304347825,1879.0757017295152,441.66666666666663,2024.0,Europe,
386,198.93617021276597,8.0,6.547803617571059,380.4347826086956,2821.803232208676,449.99999999999994,2024.0,North America,
387,319.9468085106383,8.0,10.524547803617573,251.3586956521739,2891.2673660334563,475.0,2024.0,North America,
388,208.2446808510638,4.0,5.320413436692506,287.5,2464.55911539552,370.8333333333333,2024.0,North America,
389,171.01063829787233,8.0,9.051679586563308,390.7608695652174,2712.6453076268785,379.16666666666663,2024.0,North America,
390,264.09574468085106,4.0,4.731266149870802,308.15217391304344,2543.9466969095547,345.83333333333337,2024.0,Europe,
391,301.32978723404256,4.0,4.289405684754522,246.19565217391303,2251.2049900765523,308.33333333333337,2024.0,North America,
392,217.5531914893617,4.0,5.074935400516796,277.17391304347825,2826.7649560533027,487.5,2024.0,North America,
393,217.5531914893617,4.0,4.534883720930233,256.52173913043475,2667.9897930252337,416.66666666666663,2024.0,North America,
394,375.7978723404255,4.0,2.4237726098191215,80.97826086956522,2013.0422455344485,791.6666666666667,2024.0,Asia,
395,264.09574468085106,4.0,4.289405684754522,246.19565217391303,2176.779132407145,249.99999999999997,2024.0,North America,
396,226.86170212765958,4.0,3.55297157622739,220.3804347826087,2504.2529061525374,541.6666666666667,2024.0,North America,
397,254.7872340425532,4.0,3.503875968992248,235.8695652173913,2598.5256592004534,575.0,2024.0,North America,
